w,x,y,z
0.38931,-0.223011,-0.887306,0.106727
-0.563497,0.188231,-0.594799,-0.54153
-0.28936,0.826635,-0.472503,-0.098417
-0.735714,0.244161,0.629644,-0.051565
0.602229,-0.079102,-0.377171,0.699146
0.192392,0.6337,-0.749148,-0.013677
-0.080336,-0.878436,-0.369997,0.291544
0.896202,0.408811,0.038247,0.168025
-0.177011,-0.561636,-0.014725,-0.808094
-0.057058,-0.206459,0.892899,0.396044
0.482662,-0.706093,-0.445971,-0.263781
-0.069128,0.425791,-0.890488,-0.144752
-0.566712,0.787821,-0.194075,0.143219
0.712582,0.113599,0.1953,0.664214
-0.755544,0.536955,-0.050779,0.371824
0.809617,0.221957,0.543117,-0.016728
-0.838281,0.03673,0.405043,0.363148
0.905342,-0.314106,0.013521,-0.2855
-0.606224,0.362224,0.668746,0.232519
-0.435293,0.034758,-0.897582,-0.060481
0.534588,0.221183,0.766522,-0.278815
-0.396482,0.731893,0.1802,-0.524082
0.200073,0.267886,-0.935449,-0.114647
-0.720684,-0.134483,-0.309614,-0.605532
0.38029,0.190888,-0.744227,0.514847
0.200616,-0.741501,-0.574141,0.283356
0.5423,0.283743,-0.474409,0.632721
-0.3331,-0.003044,0.246302,0.910149
-0.009711,-0.738671,0.670612,-0.067457
-0.046407,0.909835,-0.39701,0.111485
0.577193,0.422025,-0.604692,0.350843
-0.359944,0.355637,0.04478,-0.861369
0.121242,0.900215,0.173386,-0.380592
-0.583883,0.325134,-0.733057,0.126474
0.798713,-0.002796,0.487832,0.352235
-0.321766,-0.004745,0.550006,-0.770673
0.029958,0.985872,-0.104735,-0.127236
0.707579,0.375737,-0.598273,0.014952
0.668743,-0.487264,-0.264435,0.49541
-0.41905,0.760098,-0.317545,0.381855
-0.270396,0.562361,0.423619,-0.656645
-0.431899,-0.725196,-0.129475,0.520375
0.726148,-0.143494,0.190486,0.644852
0.052801,0.511723,0.376317,-0.770543
0.463291,0.111091,-0.444887,-0.758351
-0.379461,0.729774,-0.240049,0.515573
0.787426,0.159438,-0.518274,0.293141
-0.957448,-0.024595,0.188484,0.217169
0.53158,0.282801,-0.611675,0.513128
-0.524169,0.51291,-0.302158,0.608992
0.327663,-0.033668,-0.942932,-0.048808
-0.241744,-0.924994,-0.264762,0.125887
-0.444257,0.667518,0.532768,-0.270581
-0.176446,0.630362,0.320043,-0.684897
-0.496443,-0.404305,-0.563973,-0.521552
0.626543,-0.218377,0.531755,-0.5263
-0.612179,-0.324424,0.716069,-0.085035
0.72485,0.603341,-0.063292,0.326445
0.549378,-0.111587,-0.505427,0.655955
-0.715231,-0.113772,-0.155603,0.67178
0.526642,0.614031,-0.558447,0.183714
0.13982,0.546013,-0.732953,0.38092
0.340782,0.359744,0.742267,0.4511
-0.431071,-0.76432,0.470946,0.090569
-0.233948,0.476083,0.847646,-0.010439
0.72197,0.133266,-0.463982,0.495702
0.743982,0.481153,-0.396478,0.240391
0.75971,0.305939,-0.260154,-0.511431
0.318523,0.116712,-0.694822,0.634148
-0.571582,-0.658416,-0.478228,0.105264
-0.016598,0.096533,0.900828,-0.422984
0.570641,0.348649,-0.228376,0.707572
0.514169,0.214548,-0.828528,0.056041
0.59954,0.133618,0.594445,-0.518974
-0.37292,0.029702,-0.514598,-0.771517
-0.592005,-0.019927,0.704766,0.390433
-0.586728,0.058091,0.432336,0.682247
0.194195,-0.0872,0.665347,0.71554
-0.6384,-0.245413,-0.183535,-0.706069
0.416316,-0.634642,-0.287137,0.584349
0.103202,-0.398036,0.529834,-0.74175
-0.414935,-0.107461,0.898338,0.096278
0.0341,-0.287228,-0.949218,0.123785
-0.179519,0.239798,0.082791,0.950482
-0.296909,-0.473187,0.687318,-0.464255
-0.035582,0.900595,-0.179811,-0.394121
-0.400199,0.823032,0.380019,-0.134331
-0.441134,0.426145,0.246563,0.750338
-0.636706,0.119254,0.156584,-0.745564
0.461636,0.182994,-0.866072,0.057657
0.189421,-0.160344,0.92807,-0.277661
0.819595,0.184106,-0.465821,-0.278171
-0.615947,0.464497,0.596405,-0.221706
0.385203,0.250868,0.469526,-0.75381
0.312678,0.7173,0.250133,-0.570216
0.592952,0.703678,-0.242807,0.307068
-0.592338,-0.500375,0.581529,0.24614
0.516965,-0.648657,-0.443932,0.33899
0.063568,0.638791,0.404767,-0.651205
0.125671,0.336154,0.927314,-0.106288
0.53554,-0.080703,-0.721534,-0.431361
-0.234956,0.255772,0.917836,-0.192233
0.037657,0.773699,0.164486,-0.610668
0.033361,-0.768643,-0.6388,0.003049
-0.78304,-0.303036,-0.534932,-0.094157
-0.755058,-0.586752,-0.291553,0.024614
-0.891234,0.23638,-0.157455,0.353603
0.267908,-0.121273,0.941601,-0.164032
-0.23301,0.490924,0.341591,0.766822
-0.359358,0.311718,-0.787336,0.392168
-0.989309,0.0086,0.144086,-0.020796
-0.544784,0.728312,0.045365,-0.413176
-0.264323,-0.521081,0.264347,-0.767286
0.147309,-0.775705,0.466803,-0.398344
0.305023,-0.215208,0.449914,0.81131
-0.347116,0.444906,0.785213,0.25497
-0.52052,0.539108,0.285817,-0.597268
0.052487,-0.609903,0.047815,-0.789289
0.16551,-0.257663,-0.775204,-0.552518
-0.4083,-0.07132,0.112422,0.903087
-0.078241,0.694269,0.258149,0.667254
0.421983,0.014985,0.906231,-0.021235
0.715734,0.602045,-0.18401,-0.302336
0.062887,0.164018,0.271368,-0.94631
-0.064164,0.551867,0.570583,-0.604782
-0.741639,0.042654,0.615844,-0.262465
-0.052734,0.30729,0.153124,0.937734
0.48869,0.558704,-0.592855,-0.312339
0.46416,0.206226,0.858945,-0.065106
0.910916,-0.404312,-0.081972,0.006723
-0.774708,0.286267,0.140305,0.546071
-0.96672,0.174882,0.175996,0.062407
0.366676,0.818744,-0.365213,0.248651
0.79642,0.30064,0.33157,-0.406685
-0.791825,0.273597,-0.497381,0.225321
0.646601,0.098135,0.435058,-0.618871
0.355765,0.593745,-0.065684,0.718738
0.489945,0.681254,0.180914,0.51295
-0.619012,0.071441,-0.684093,-0.379127
-0.462275,0.696893,-0.116499,-0.535789
-0.214626,0.038469,0.423656,-0.879188
-0.762939,0.280114,-0.145591,-0.564149
0.390278,0.803939,-0.426138,0.140615
0.190301,-0.876301,-0.306545,-0.319238
0.134554,-0.280327,-0.94906,0.050956
-0.305666,-0.138449,-0.884795,0.323323
-0.672472,-0.435408,0.590797,-0.095713
0.066909,-0.350274,-0.313058,0.880242
0.37503,0.426683,-0.380519,0.729725
-0.150028,-0.847634,0.508067,0.029599
-0.352468,0.64134,-0.106054,-0.673203
0.054389,-0.308388,-0.685475,0.657314
-0.204104,-0.889603,0.288985,0.288851
-0.280823,-0.946402,-0.078531,-0.138904
0.032905,-0.830626,0.24085,-0.500967
-0.834059,0.062969,-0.065614,0.544128
-0.838911,0.506579,-0.146564,-0.134629
0.628645,0.051141,0.760541,-0.154171
0.129712,-0.208108,0.929229,-0.276402
0.581658,0.510017,-0.633383,-0.019583
0.319683,0.166079,-0.865619,-0.347742
-0.115285,0.49773,0.361095,0.780119
0.860861,-0.248129,0.429464,0.113628
-0.113588,0.132293,-0.351469,-0.919818
-0.143493,0.802781,0.576763,-0.047933
-0.183952,-0.150041,0.335841,0.911515
0.018937,-0.725678,-0.649883,0.225133
0.987488,0.130775,-0.023729,0.084866
0.255462,-0.052712,-0.669722,0.695294
-0.626181,0.067549,-0.326525,-0.704781
0.692126,0.116787,0.359499,-0.614884
0.776055,0.554637,0.283991,-0.097293
0.138207,-0.211866,-0.310015,-0.916462
0.404331,-0.579767,-0.650217,0.278576
-0.578716,0.083741,-0.780527,-0.221026
0.104317,0.452287,-0.078097,-0.882301
0.759915,0.220644,-0.285413,0.540726
-0.079592,-0.867749,-0.219363,0.438813
-0.404755,-0.50654,0.023432,0.760947
0.281889,0.776418,-0.376631,0.419359
-0.586686,0.407731,0.265423,0.647383
0.793827,0.514831,0.308655,0.097571
0.400074,0.756432,-0.516066,0.037785
0.119542,0.187068,-0.928422,0.297906
-0.045378,0.993364,-0.068394,0.080572
-0.037044,-0.583409,-0.291739,-0.757066
0.434066,0.435782,0.37379,0.694234
0.834502,0.221351,0.179135,-0.471721
0.240666,0.941427,0.204444,0.118314
-0.266299,0.043819,-0.59841,-0.754368
0.243974,-0.870593,0.40743,0.128632
-0.558576,0.654099,-0.41707,0.2936
0.779836,0.273671,-0.561351,-0.042958
0.358754,-0.891114,0.265264,0.082738
0.18715,0.457505,0.720135,0.486898
0.397454,0.716131,-0.39489,-0.416231
0.433287,-0.599234,-0.583949,-0.33494
-0.117703,-0.224513,-0.926309,0.278732
0.811801,-0.579368,-0.0331,0.064937
0.726481,-0.364554,0.3646,-0.454303
-0.14686,0.624775,0.656059,0.397083
-0.485603,-0.654382,-0.136787,0.563261
-0.671508,-0.063791,0.152224,-0.722382
-0.138836,-0.78689,0.523463,0.295829
0.13543,-0.327755,0.017064,-0.93485
-0.081757,0.892632,-0.44213,0.032319
0.813069,0.033155,-0.474389,0.33582
0.166537,-0.900861,-0.385418,0.110309
-0.452328,0.1823,0.24656,0.837481
0.150849,-0.492948,0.094683,-0.851635
0.621271,0.667183,0.250947,0.325447
0.359231,0.410774,0.815165,0.194227
0.386288,0.324477,-0.520541,0.688863
0.777562,0.620326,0.099702,-0.025532
0.546568,-0.020703,-0.375495,-0.748224
0.450321,0.30807,0.810624,-0.212584
-0.401607,0.083624,-0.711456,0.570569
-0.107372,0.72019,0.340624,0.594788
0.067638,0.668142,-0.717606,0.184535
0.645779,0.680859,-0.248655,0.239942
-0.908142,-0.058651,-0.177333,-0.374687
0.304302,-0.498263,0.308295,-0.751059
0.581403,0.382133,0.706802,-0.127968
-0.387587,-0.663074,0.631549,0.106087
-0.329821,-0.749574,-0.530139,0.219793
-0.431242,-0.592413,0.562203,-0.383412
-0.016216,0.928832,-0.248838,-0.274021
0.463445,-0.702634,0.533114,0.085515
0.932742,0.056924,0.066046,0.349842
-0.321712,-0.489202,0.600641,0.544438
0.049036,0.864803,0.096223,-0.490359
0.941188,-0.090955,-0.008151,-0.325309
-0.719081,-0.561001,-0.410017,-0.009307
0.272724,0.656378,0.703242,0.015484
0.508124,-0.303747,-0.234954,-0.770938
0.572236,-0.054196,0.30877,-0.757805
-0.634205,0.749875,-0.087115,0.166982
0.098046,-0.401186,0.800421,-0.434468
0.28738,-0.847959,0.196269,-0.399821
-0.785086,-0.547574,0.217214,0.191364
0.319629,0.629103,0.380264,0.597885
-0.276012,-0.117714,-0.084929,0.95013
0.469831,-0.699703,0.382459,-0.37868
0.252274,0.203653,0.912335,0.250056
-0.494885,-0.045654,0.313279,-0.809235
-0.225165,0.394729,-0.036197,-0.890045
0.8468,0.105646,0.347206,-0.388866
0.233782,-0.607824,0.39621,-0.647235
-0.616361,0.229455,0.696408,-0.287167
0.488554,-0.157355,-0.327252,0.793385
-0.262993,0.415055,-0.199384,0.847827
-0.375717,0.569133,-0.339363,0.647887
-0.303951,0.408148,0.667013,0.544171
-0.521142,-0.398958,-0.408308,-0.63445
0.013697,-0.453481,-0.293613,0.841403
0.720335,-0.575047,0.184849,0.340983
-0.481895,-0.832103,-0.111527,-0.250886
-0.18212,-0.431638,-0.72761,-0.501103
0.326983,0.576898,-0.463956,0.58738
0.812569,0.109147,-0.494901,-0.28791
0.691018,-0.259054,0.330681,-0.588248
-0.396856,-0.213837,0.642217,0.619949
0.37394,0.301079,-0.513094,0.711516
0.466182,0.314197,0.219491,0.797357
0.716894,-0.211669,0.555993,-0.363497
-0.367596,-0.825877,0.0298,-0.426512
0.950179,-0.273111,0.047102,-0.142661
0.833856,-0.372261,-0.326171,0.244372
0.723792,-0.103146,0.552936,0.399684
0.180477,0.857159,-0.399923,0.269756
0.132319,-0.651872,-0.084351,0.741916
-0.381506,-0.755728,-0.352909,-0.398475
-0.763903,0.285623,0.406198,-0.412159
0.201457,-0.108774,0.915731,0.330183
-0.105505,-0.587535,-0.691033,0.407608
0.432626,-0.697676,0.56741,0.064253
0.114835,0.881686,0.196534,0.4133
-0.787267,-0.264006,0.549376,-0.093264
-0.310474,0.392514,0.385381,0.775255
-0.034993,-0.596134,0.623372,0.504784
-0.174766,0.052879,-0.325468,-0.927756
0.096429,-0.931789,0.349933,0.004159
0.565033,0.151958,0.075102,-0.807469
0.454222,-0.531641,0.602948,-0.38405
-0.948823,0.014996,0.30941,-0.061441
0.603386,-0.61462,-0.242953,-0.446252
0.35381,-0.152603,0.293013,0.875028
0.718845,0.281093,0.632713,-0.062631
-0.730175,-0.41083,-0.304584,0.453092
0.204221,0.927868,-0.287338,-0.121618
-0.630441,-0.599624,-0.227568,-0.437273
-0.620206,-0.64904,-0.402026,-0.180184
0.425262,-0.327364,0.310633,0.784533
0.075026,0.340372,0.907414,0.234772
0.352501,0.023117,0.909001,-0.221192
-0.277046,0.173473,0.654073,0.682159
-0.30546,0.644019,-0.638584,0.290075
0.950062,0.063193,0.18332,-0.244506
-0.527648,0.517704,-0.65605,0.152211
0.115016,0.760233,-0.042663,0.637964
-0.309214,0.771378,0.543042,0.120284
-0.6954,0.448616,-0.512026,-0.2302
0.775721,0.302094,0.550135,-0.065938
-0.330516,0.12695,-0.809984,-0.467513
-0.359399,0.042786,0.901906,0.235728
0.295729,-0.93525,-0.023563,-0.193121
-0.584427,0.51123,-0.513336,0.365479
0.062075,0.916501,0.346103,0.190747
0.479323,0.143565,0.803462,0.322624
-0.374995,-0.042913,-0.158612,0.912348
-0.894256,0.035369,-0.277596,-0.34928
-0.676089,-0.21374,-0.044089,0.703758
0.307634,0.736137,-0.546632,0.254277
0.40873,-0.207664,0.47495,0.751158
-0.290445,-0.690595,-0.637619,0.179339
0.197665,-0.626028,0.220411,0.721413
0.462874,-0.498506,-0.536219,-0.499708
-0.331816,0.815411,0.143632,-0.452076
-0.69153,0.433081,0.569868,0.097353
-0.376728,-0.760894,0.485407,-0.208557
-0.472466,0.045601,0.849686,0.229629
0.090377,-0.503471,0.437181,0.739744
-0.079597,0.885132,0.352399,-0.293293
0.408522,-0.289125,0.032614,0.865132
-0.088566,0.145787,0.926304,0.335951
0.756313,0.096166,-0.600796,-0.240388
-0.344298,0.0409,-0.506352,-0.789553
0.146388,-0.571521,0.799451,0.113193
0.683002,0.436405,-0.576891,0.101269
-0.113011,-0.584538,-0.365591,-0.715463
-0.713436,-0.55104,0.382249,-0.203098
0.649276,-0.747317,0.139498,0.022313
0.299457,0.708264,0.224817,0.598451
0.098382,-0.066052,-0.824238,-0.553706
-0.602211,0.064375,0.42527,-0.672565
-0.02561,0.289639,0.807958,-0.512502
0.464091,-0.629429,0.362898,-0.506699
0.858349,-0.21604,0.053565,0.462272
-0.570959,-0.445813,-0.144486,0.674077
-0.147694,-0.49348,-0.194877,0.834678
-0.528633,0.558831,-0.587518,-0.251152
0.685664,-0.672059,-0.172983,0.219724
0.609561,0.136277,0.75175,-0.211507
-0.773146,-0.247742,-0.526473,-0.25238
-0.110513,0.719471,-0.621615,-0.289383
0.061106,0.059449,0.994946,-0.053048
0.789122,0.249941,-0.132639,-0.545182
-0.546346,-0.418133,-0.619941,0.377285
0.564545,0.587014,-0.386576,-0.432739
-0.185776,-0.37722,0.210271,-0.882598
0.61986,0.015106,-0.55154,0.557987
0.666384,0.00057,-0.716873,-0.205
-0.027715,-0.778713,-0.204722,-0.592391
-0.063847,0.700353,-0.60184,0.378441
-0.750902,-0.162293,-0.419034,0.48396
0.107721,0.509995,-0.038116,-0.852554
-0.929241,-0.074316,-0.263,0.248633
-0.671477,-0.024409,-0.439535,0.596097
-0.205902,0.341576,0.599152,0.694224
0.491996,-0.705535,-0.304284,0.409354
0.052603,0.875784,0.362236,-0.314676
-0.314059,0.875865,-0.033351,-0.36485
0.528409,-0.056128,-0.11178,0.839726
0.230241,0.088636,-0.048568,-0.967871
0.883372,0.205403,-0.233459,-0.350658
0.475687,0.246496,0.110739,-0.837078
-0.331848,0.464982,0.216919,0.79159
-0.780542,-0.117403,-0.603592,-0.112465
0.147262,-0.252667,0.779274,0.55426
-0.173913,0.269973,-0.921291,-0.219299
0.820107,-0.414018,-0.10883,0.379696
0.149007,-0.704,-0.40526,-0.563866
0.258938,0.097923,0.959572,0.050837
-0.250189,-0.66507,0.173491,-0.6819
0.072019,-0.588086,-0.795619,-0.126327
0.793011,0.188942,0.26735,-0.513769
0.184172,-0.734081,0.25121,0.603406
0.612188,-0.121465,-0.781149,0.016688
0.644562,-0.112238,0.751623,-0.083697
0.714171,0.386738,-0.053019,-0.581019
-0.511164,-0.278165,-0.739344,0.338683
-0.033893,-0.119757,0.482371,0.86708
-0.588177,-0.770624,-0.181054,0.165547
-0.185795,-0.800569,-0.40165,-0.404038
0.260558,0.16482,0.742621,0.594523
-0.003233,-0.157606,0.424255,0.891716
-0.906724,-0.01778,0.182703,-0.379677
-0.561057,-0.303367,-0.74727,0.186468
-0.434275,0.300976,0.104404,-0.842567
-0.318868,0.332925,-0.352769,0.814272
0.370608,0.193022,0.879069,-0.229413
-0.441775,0.432419,-0.76517,0.179901
0.113317,0.554877,-0.594228,0.571108
-0.592694,0.209993,0.705934,-0.325996
-0.058623,-0.428565,0.675827,0.596786
0.863661,0.463717,-0.166308,-0.106764
0.232322,0.438823,0.745568,-0.444511
0.700488,-0.399052,-0.029423,0.590939
-0.263928,-0.22319,-0.909024,-0.232817
0.529621,0.118464,0.220807,0.810378
0.191469,-0.36046,0.331044,-0.850775
0.351198,-0.279126,-0.743688,0.495658
0.56168,0.512448,0.594503,-0.261686
0.394408,0.238424,0.720969,0.517494
-0.030112,0.037241,0.960689,0.273463
-0.501554,0.354828,0.784232,-0.086729
0.278073,0.049545,-0.853006,0.438864
0.04045,0.092441,0.613944,0.782874
0.001818,0.033603,-0.684933,-0.727828
-0.039778,-0.740062,-0.221429,0.633794
-0.857381,0.391816,0.321708,0.088782
-0.654159,-0.625502,-0.267788,0.330323
-0.247096,-0.741271,-0.527029,0.334219
-0.551594,-0.377179,-0.712994,-0.212412
-0.78303,-0.314069,-0.237854,-0.481301
-0.535286,-0.680281,0.50055,-0.011647
-0.712918,-0.050571,0.603354,-0.353772
-0.709718,0.159916,0.234165,0.644899
-0.674719,-0.393971,0.591161,0.200173
0.806047,0.179628,-0.145643,-0.544803
-0.572148,-0.287141,0.301683,-0.70653
0.191497,-0.521879,-0.107218,0.824303
0.99514,0.021783,0.077152,0.057178
0.913961,-0.215123,-0.315559,-0.137186
0.137004,-0.684213,0.57952,-0.420998
0.070026,0.08575,-0.601322,0.791299
0.286602,-0.822618,-0.119416,0.476339
-0.330859,0.335562,0.739108,-0.4813
-0.108288,-0.030852,0.114412,0.987032
-0.418142,-0.766907,-0.40038,-0.27696
-0.204513,-0.667652,0.042881,-0.714547
0.716402,0.685315,-0.129604,0.017725
-0.282681,0.861193,0.160619,-0.390691
-0.596939,0.572796,-0.401597,0.392797
0.838589,0.126354,-0.464961,-0.254196
0.335861,0.564471,0.75041,0.073857
-0.967099,0.247964,0.028697,0.049097
-0.190428,-0.076185,0.963353,0.172869
-0.569723,0.371146,-0.590047,0.435329
0.441263,0.179841,-0.284916,0.831725
-0.522621,-0.69755,0.11921,0.475479
0.518287,-0.497548,-0.193735,0.668051
0.007962,-0.818064,-0.051558,-0.572757
0.91149,-0.14003,-0.385509,-0.030976
0.820996,0.350318,-0.436581,0.11243
0.797169,0.301266,-0.484671,-0.197114
0.104122,-0.470976,-0.871852,0.084935
-0.479752,-0.834653,0.034558,-0.268326
0.640791,0.379809,-0.211334,0.632827
-0.729991,-0.39977,0.072936,0.549525
0.098372,-0.146563,0.00801,0.984265
0.945853,-0.153034,0.279012,-0.063985
-0.774493,-0.399171,-0.166702,0.461555
-0.183962,-0.535734,-0.818697,-0.094243
0.141493,-0.392358,-0.712805,0.563865
0.012982,-0.403783,-0.292082,-0.866879
0.080186,-0.515614,-0.019967,0.852827
0.11107,-0.477935,0.13693,-0.860518
-0.527496,-0.606451,-0.488178,0.340071
0.486361,0.420594,-0.605708,-0.468691
0.145875,0.553169,0.707843,-0.414346
0.125358,-0.88459,-0.423351,0.150198
-0.373676,-0.304174,-0.630879,-0.608142
-0.449259,-0.286817,0.436139,0.725042
-0.047373,-0.804818,-0.339368,0.484617
-0.173656,0.522062,0.633086,-0.544515
0.248728,-0.244484,0.795519,0.495491
-0.384914,-0.649119,-0.650698,0.084136
0.029496,0.860619,-0.120756,0.493845
0.537652,-0.111737,0.835586,0.015529
0.642271,0.317286,0.595771,0.363145
-0.380103,-0.547364,-0.666856,-0.333493
0.713481,0.126442,-0.686439,0.061312
-0.608499,0.662902,-0.435315,-0.028134
0.637056,-0.355305,-0.404496,0.551635
-0.706042,-0.223467,0.32247,0.58956
0.427833,-0.613079,0.457008,0.481909
0.529023,-0.005719,0.4668,-0.70866
-0.515924,0.855102,-0.010117,0.050211
-0.37385,-0.503478,-0.775281,-0.075396
-0.033444,-0.049542,0.692176,-0.719249
0.413022,-0.610713,0.271945,0.618457
-0.785,0.28637,0.43186,0.339507
-0.832614,-0.092108,0.43822,-0.325936
0.460462,0.173663,0.565479,-0.661853
0.892889,0.314279,0.184975,-0.264126
-0.790803,-0.103914,-0.5788,0.169774
0.107774,-0.747852,0.137259,0.640517
-0.767148,0.086573,-0.442528,0.456244
0.734035,0.308502,-0.054621,0.602524
0.553541,0.665089,0.501213,-0.005935
-0.141571,0.36957,-0.838032,0.375604
-0.267481,-0.155783,-0.810867,0.496669
-0.579109,0.041699,0.678081,0.450666
-0.238263,-0.377253,0.893672,0.047546
0.252338,0.949068,0.05123,-0.181579
-0.483674,0.678144,-0.545168,0.094722
0.285348,-0.900589,-0.072571,-0.319766
-0.977431,0.168679,-0.044023,-0.119321
-0.011327,0.460039,0.402903,-0.791141
0.780393,0.435159,-0.160584,-0.419329
-0.846459,0.074924,-0.459218,-0.258868
-0.879026,0.291189,0.103052,-0.363184
-0.005119,0.595554,0.802437,-0.037212
0.436939,-0.797617,0.361419,-0.205594
-0.793494,-0.105559,0.392789,-0.452705
-0.339823,0.563394,-0.697016,-0.28509
-0.561376,0.467369,0.212013,0.64921
0.485685,0.699704,-0.160947,-0.498619
-0.229615,-0.459265,-0.196392,-0.835334
-0.596971,0.407844,-0.640286,-0.259466
-0.812809,-0.417642,-0.401312,-0.062171
-0.03347,-0.165169,-0.321523,-0.931784
-0.303848,-0.073448,-0.414081,0.854879
-0.05131,0.713778,0.509474,-0.477832
-0.83562,0.469843,0.177459,0.222475
0.777119,0.330039,-0.055759,0.532965
-0.285058,0.877671,-0.278309,0.26642
-0.694344,-0.702145,-0.10555,-0.117213
-0.134771,0.375158,-0.91136,-0.102551
-0.223855,-0.14267,-0.802207,0.534788
0.472962,-0.562585,0.539834,0.410346
0.874363,0.223226,-0.244451,-0.354827
0.229509,0.968116,0.090861,-0.042666
0.718463,0.605267,-0.327024,-0.102559
-0.667175,0.394431,-0.043779,0.630385
0.20597,-0.274158,0.922858,-0.17535
0.283922,-0.468066,0.485003,0.681964
0.0057,-0.003582,0.869986,0.493031
0.589606,0.238089,0.698365,-0.32858
-0.850757,-0.138826,0.342096,0.374046
0.527808,-0.383801,0.072038,-0.754272
-0.182696,0.05055,0.979544,0.067535
0.121922,0.011991,-0.968898,-0.215005
-0.407716,-0.674474,-0.367634,-0.493657
0.12593,-0.565551,0.683012,0.444734
-0.652243,0.060589,0.714336,0.246235
0.541331,0.729303,-0.126372,0.398884
-0.303022,-0.858754,-0.181517,0.371174
0.285973,-0.361032,-0.861781,0.212622
-0.257711,-0.913531,-0.132083,0.285659
0.269069,0.94174,-0.201741,0.005368
-0.3312,-0.92011,0.160226,-0.134281
-0.782357,-0.426672,-0.304914,-0.336
0.300313,0.870963,-0.300853,-0.246421
0.91958,-0.329042,-0.214349,0.012581
-0.333422,0.364506,-0.192149,0.847965
-0.028076,0.998613,-0.003103,-0.044432
-0.156751,-0.818421,-0.552595,-0.015931
0.140707,-0.611224,0.130613,0.76782
0.1945,0.3588,-0.488637,0.771146
-0.668575,0.466077,-0.554989,-0.166636
-0.478106,-0.14742,0.411819,-0.761635
-0.021409,-0.48117,0.873669,0.068696
0.920571,-0.245974,-0.303381,0.002185
0.153006,0.631092,-0.329168,0.685537
-0.983295,0.027498,0.143483,-0.108568
-0.190025,0.82708,-0.355861,0.391398
0.71098,0.636186,-0.27994,-0.106806
0.06254,0.898656,0.126407,-0.415365
0.48664,-0.299482,0.683989,-0.453487
-0.921012,0.322028,0.096322,0.196871
0.261558,-0.199006,0.916925,-0.226345
0.872572,0.011281,-0.356402,0.33387
-0.261261,0.631254,0.590356,0.429815
0.942809,0.109278,0.313713,0.027463
0.057794,0.300926,-0.650427,0.695017
0.492474,0.394148,-0.538146,0.559031
0.365562,0.210026,0.902948,0.083299
-0.055084,-0.295389,0.950566,-0.078326
-0.01599,0.941996,0.259003,0.212851
-0.595031,-0.316814,-0.2639,0.689872
0.414988,-0.628919,-0.07582,-0.653067
0.947761,0.316951,0.033848,0.012056
-0.690537,0.669684,-0.173817,0.210877
0.486661,-0.775025,-0.391034,0.097931
0.215511,-0.959191,-0.078158,-0.165524
-0.603462,0.634923,0.467506,-0.118932
0.805986,0.356716,-0.465609,-0.07968
-0.02114,0.180751,0.320351,-0.929655
0.147943,0.14495,0.818891,0.535275
-0.289097,-0.541952,-0.041363,0.788036
0.32772,0.592418,-0.015547,0.735798
0.703695,0.571521,-0.409118,0.103922
0.841375,-0.312247,0.397696,0.190858
-0.188945,0.637711,0.145219,0.732486
0.590715,-0.042745,0.748674,-0.297853
-0.652997,0.636209,0.272465,0.307563
0.222496,-0.708876,0.260679,0.616471
-0.24703,-0.196697,-0.794835,0.518192
-0.280648,0.174205,-0.715706,-0.615349
0.761534,0.076193,0.643541,-0.010748
-0.336623,-0.427118,-0.47299,0.693207
0.717092,0.63993,0.256181,-0.103145
-0.428767,-0.808874,0.338383,-0.217665
0.062188,0.665079,-0.193193,0.718664
0.274914,0.032141,-0.960822,-0.014528
-0.305189,-0.691355,-0.404984,-0.514661
-0.140221,-0.175155,0.286409,0.931466
0.272202,-0.257848,0.733174,-0.567342
-0.048771,0.424489,-0.057071,0.902315
0.601036,0.416556,-0.639221,0.237976
-0.150063,0.046189,0.864252,-0.477929
-0.840053,-0.045987,-0.246752,-0.480948
-0.780155,-0.298935,0.357353,-0.417486
0.720715,-0.495086,0.393688,0.283671
0.178118,-0.700665,-0.665879,0.184248
0.587604,-0.364153,-0.364028,0.624178
0.621315,-0.620368,0.12607,0.461755
0.502386,0.105992,0.40208,0.758094
0.347728,0.072262,0.539257,-0.763587
-0.56961,-0.140519,-0.72353,-0.363736
-0.792442,-0.080585,-0.420044,-0.434861
0.060225,-0.344741,0.243552,-0.904549
0.720517,0.251268,-0.283859,0.58064
0.705306,-0.513406,0.015029,0.488602
-0.266191,-0.320653,0.828068,-0.375003
0.737534,0.177803,-0.201087,-0.619672
-0.598552,-0.530994,0.493137,-0.341463
-0.125977,0.97852,-0.159327,-0.035253
-0.500118,-0.302845,-0.807593,0.077203
0.984538,0.052122,0.166157,0.018953
-0.837468,0.216532,0.493348,-0.091485
-0.845689,0.16074,-0.255366,-0.440183
-0.695991,0.479439,-0.533645,0.030957
-0.202768,0.757631,-0.445211,-0.432051
0.113131,-0.426656,0.877121,-0.189273
0.254848,0.922187,-0.272163,-0.102723
0.683529,-0.390829,-0.616138,0.020377
-0.01914,-0.776692,0.59211,-0.213985
-0.389222,-0.352382,0.844672,0.104226
-0.280256,0.715798,0.351991,-0.534034
0.812532,-0.11475,0.552085,0.147736
0.435967,0.842914,0.157693,0.27306
0.43085,0.447506,-0.222494,-0.751401
0.041712,-0.210829,-0.738739,-0.638808
-0.03244,0.003309,0.99871,-0.038923
0.671193,-0.495188,0.284028,-0.472882
0.778367,-0.122675,-0.524765,-0.32205
0.323365,0.257892,0.139437,-0.899713
-0.141377,-0.894513,-0.42355,0.021577
0.158667,-0.498227,-0.355465,-0.774751
0.595466,0.424798,0.232583,0.640993
-0.370035,0.071397,0.890166,0.256087
0.593606,-0.448619,-0.623374,-0.240372
0.849242,0.452533,0.008122,-0.271911
-0.762781,-0.032696,-0.134154,0.631743
0.132972,0.070556,0.769389,0.62079
0.589852,0.611188,0.485783,0.20625
-0.682939,0.346615,-0.185399,0.615695
0.874586,0.062413,-0.416293,0.240634
0.248078,-0.456776,0.763746,-0.38276
0.606739,0.438891,-0.65368,-0.10929
-0.704442,0.503187,-0.296341,0.403419
0.566855,-0.030018,0.743603,-0.353311
0.110382,-0.644274,-0.398659,-0.643272
-0.681872,0.524248,0.11255,-0.497541
-0.446352,-0.027145,0.883512,0.139424
-0.511506,0.781126,0.348293,-0.083045
0.67326,0.075273,-0.095036,-0.729399
-0.660371,-0.509263,0.146227,0.532146
0.102889,0.556616,0.255071,-0.783921
0.26837,0.427537,-0.077517,-0.859756
0.563842,-0.119723,-0.025655,0.816756
0.68039,-0.319275,-0.437094,0.494045
0.314544,0.312141,0.101469,0.890693
-0.365434,-0.627656,-0.453824,0.516285
-0.560254,0.619366,-0.256097,-0.486739
0.149288,0.735842,0.070912,-0.656675
-0.767967,0.233935,-0.509511,0.309677
-0.425613,0.07277,-0.119695,0.893997
0.239188,0.584907,-0.325955,-0.703154
-0.0315,0.503959,0.646869,-0.571484
-0.361186,-0.621478,0.668033,0.192462
-0.714298,-0.45632,-0.520189,0.104667
0.200015,-0.549793,0.807897,-0.070884
-0.355046,0.155678,0.63055,-0.672394
-0.512081,-0.815778,-0.107788,-0.246294
0.654944,-0.235176,0.712881,0.086834
-0.441498,0.814409,0.340042,-0.16183
0.478346,-0.680999,0.380701,-0.403103
0.581261,0.524878,0.615707,-0.086856
0.239466,-0.743525,-0.564596,0.266569
0.227892,-0.166199,0.791636,0.541992
0.142111,-0.445588,-0.863472,0.188869
-0.556089,0.496999,-0.563303,-0.355595
-0.267361,-0.224386,0.846915,0.401129
-0.395085,0.485099,-0.47177,0.621305
0.937159,-0.178633,0.009112,-0.299566
0.716011,0.529796,0.381632,0.246984
-0.7706,-0.489258,-0.407075,0.033049
0.241847,0.088557,0.365245,0.894575
0.669369,-0.549918,0.141345,0.479121
0.191723,0.29567,-0.272952,-0.895164
0.855993,-0.150832,-0.322439,0.374911
0.411319,0.902749,-0.054568,-0.113505
-0.703569,0.041453,0.094671,-0.703071
-0.03916,-0.57264,0.211201,-0.791166
0.042137,0.237699,0.565939,0.788312
-0.156894,-0.644642,0.549749,0.50754
0.571262,-0.538233,-0.280677,0.552436
-0.827278,-0.388641,-0.260805,-0.310725
0.515687,0.042312,-0.387272,0.763083
0.333896,0.391547,0.339154,0.787515
-0.083842,-0.027,0.988243,0.124967
0.607376,0.680939,0.199811,0.35706
0.442938,-0.751255,0.096246,-0.479748
0.096818,-0.279083,-0.35717,0.886097
-0.454311,-0.01015,0.461781,0.761746
-0.191756,-0.323189,-0.820296,0.431153
-0.270208,0.049401,0.861718,-0.426601
-0.487214,-0.695662,-0.011518,0.527773
0.165226,-0.978427,0.08727,0.088115
-0.543487,0.142257,0.73939,0.371063
0.745101,-0.481692,-0.086394,-0.453138
0.485181,-0.295012,0.148829,-0.809579
0.084613,-0.008334,0.011639,-0.996311
-0.347844,0.642085,-0.464998,0.500508
-0.124841,-0.154592,0.10942,0.973932
0.741991,0.187629,0.63326,-0.115011
0.912577,-0.311224,-0.231494,-0.129438
-0.322,-0.709151,-0.442321,-0.444716
0.570249,-0.008943,0.682642,0.456877
-0.620569,-0.568946,0.164614,-0.513904
-0.415333,0.224481,-0.813529,0.339525
-0.425555,0.346049,-0.813464,-0.193468
0.544946,0.325206,0.513762,-0.577341
0.036446,-0.201291,0.76783,-0.607117
0.72489,0.363633,0.413094,0.414316
-0.087572,0.221171,0.831288,0.502368
0.153904,0.040156,-0.961559,0.223842
-0.669336,0.449425,0.349413,0.477406
0.136118,0.28539,0.595294,0.738681
-0.60215,0.523331,0.471,0.376429
-0.272658,-0.289506,-0.745589,0.534734
0.866513,0.369839,-0.312269,-0.12191
0.629425,-0.710354,0.223305,-0.22216
-0.846249,-0.325337,0.421921,-0.001043
-0.108274,-0.617974,-0.58242,0.516887
-0.933198,0.075421,-0.32752,0.127217
-0.203546,-0.549415,-0.720461,-0.371009
-0.401085,0.098532,-0.853432,0.317924
-0.078066,0.954948,0.103289,0.267043
-0.542696,-0.129079,-0.829458,-0.028633
-0.364936,0.003111,-0.883627,-0.293284
-0.606337,0.088663,-0.496858,0.614513
-0.253083,-0.053873,-0.959081,0.11494
-0.830281,-0.023703,0.025597,0.556252
-0.261613,0.789406,-0.355854,-0.426339
0.056207,0.710471,-0.641634,-0.28351
0.175993,-0.1478,-0.487145,0.842539
0.187856,-0.724891,-0.636298,0.185386
-0.56716,0.080383,-0.541544,0.615304
0.087813,0.314369,0.922514,-0.205986
0.078548,0.31483,-0.333286,-0.88523
-0.315722,0.114022,0.719773,-0.607655
-0.481713,-0.444387,0.703525,0.27482
-0.784678,0.254902,0.466011,0.319593
0.826937,-0.035757,0.430025,-0.36052
0.410078,-0.349434,0.633836,-0.554963
0.237358,-0.77106,0.448017,-0.385238
0.346346,0.818249,-0.409191,-0.207547
0.182383,-0.546358,-0.230747,0.78421
0.153919,0.599137,0.568569,-0.542284
0.742225,-0.109048,-0.592066,0.294396
0.64173,-0.127315,-0.739855,0.156806
0.710297,-0.292937,0.556207,-0.316702
-0.388532,0.7693,-0.044816,-0.505185
0.940997,-0.069912,-0.053612,0.326745
-0.047359,0.061124,-0.341225,-0.936796
-0.199991,-0.44052,-0.658835,0.576092
0.120482,0.90332,-0.280004,0.301818
-0.025912,-0.496595,-0.126514,0.858321
-0.238769,0.763535,-0.552155,0.234796
-0.023883,0.634406,0.143864,-0.759119
0.369565,0.794993,-0.478905,0.04536
-0.229461,-0.780699,-0.484091,-0.321734
-0.225232,0.797968,0.558896,0.012371
0.341529,0.289809,-0.473939,0.758123
0.630533,0.37614,0.612836,-0.292196
0.750295,0.00077,0.656498,0.077886
0.120673,0.179877,0.752239,0.62227
-0.853066,-0.431141,-0.228133,-0.185339
0.093082,0.458618,0.756077,-0.457551
0.159128,0.458697,0.076001,0.870918
-0.728553,0.540885,0.124827,-0.401338
0.375106,0.20422,0.876093,-0.223721
0.462485,0.509988,-0.043081,-0.723991
0.382935,-0.901682,-0.067737,0.189055
-0.011504,-0.841017,-0.161044,0.516356
0.903613,0.352423,0.085157,0.2281
0.28124,-0.048946,-0.954427,-0.087047
-0.172321,-0.759318,0.184339,-0.599801
-0.108992,0.38038,0.799188,-0.452471
-0.228486,-0.106507,-0.854627,0.453941
-0.061578,-0.695882,-0.375846,-0.608848
0.745398,0.44652,-0.110467,-0.482492
0.305826,0.554635,-0.49088,0.598237
-0.208601,-0.547195,0.766309,-0.26426
-0.845253,0.320958,-0.292783,0.311146
0.656886,0.127281,-0.138174,0.730211
-0.737619,-0.083677,0.226761,0.630473
0.366661,0.046357,-0.446079,0.815122
0.330745,0.395073,0.707016,-0.48441
-0.142723,-0.0809,0.281926,-0.945306
0.270027,0.277716,0.833315,0.394392
-0.338098,0.518761,0.428424,0.65805
-0.965586,0.129274,0.140253,0.176809
-0.367339,-0.433701,-0.732063,0.375566
-0.783645,-0.486617,0.377525,-0.081113
0.165123,0.696134,0.351668,0.603707
0.872775,0.290338,0.368777,-0.134056
-0.191203,-0.162507,-0.967506,0.031059
0.04149,-0.235596,-0.588768,-0.772092
-0.623897,-0.186798,-0.660103,0.37433
0.010706,0.585318,-0.355186,0.728788
0.116428,0.317562,-0.191819,0.921306
-0.288128,-0.413495,0.136887,-0.852799
-0.096554,0.621544,-0.682781,0.371713
-0.099364,0.52946,-0.274797,-0.79642
-0.751138,-0.016108,0.227325,0.619561
0.252169,-0.69024,-0.56254,-0.378851
0.75034,0.240747,-0.578538,0.210533
-0.670977,0.428135,0.415113,0.440648
0.029685,0.806115,-0.449467,-0.383768
-0.263027,-0.564583,0.777482,0.087092
0.241484,-0.590062,0.428669,-0.640121
0.410682,-0.661656,-0.281928,0.560418
-0.374427,-0.74193,-0.049766,0.553956
-0.185238,0.177744,0.846171,0.466999
-0.683745,0.279608,0.54138,0.401522
0.16147,0.485061,-0.854211,0.094689
0.491574,0.015052,0.795621,-0.353718
0.244523,0.509455,-0.710498,0.419352
0.296573,-0.329851,0.88107,0.164189
-0.015522,0.612947,0.463159,-0.639952
-0.642634,0.487927,0.090567,-0.583735
0.074331,-0.07195,0.85499,-0.508223
-0.031393,-0.596533,-0.213082,-0.773149
0.437595,0.029736,-0.86413,-0.24679
0.6401,-0.199002,0.550621,-0.497481
-0.457485,-0.783306,-0.066704,0.41556
-0.047282,-0.396454,-0.812873,0.42406
-0.645789,0.128473,-0.472684,0.585681
0.639999,0.149316,0.480396,-0.580797
-0.653138,-0.145488,-0.192947,-0.717645
-0.967839,0.032698,-0.240388,-0.066573
0.873095,0.025324,-0.3891,-0.292685
0.124704,0.777288,-0.556125,-0.266453
0.155313,0.103156,-0.869505,0.457381
-0.047136,-0.707252,0.614943,0.345568
-0.080875,-0.732755,-0.4415,0.511476
0.529591,-0.535029,0.291154,-0.590345
-0.501111,-0.713916,0.29227,0.39216
0.709856,-0.094141,0.595738,-0.363783
0.606491,-0.550261,0.572987,0.032676
-0.039759,0.800205,-0.444677,0.400442
0.015595,0.692064,-0.666975,0.275587
0.611808,0.676723,0.054044,-0.405976
0.216547,-0.431833,-0.548437,0.682528
0.643117,-0.026448,-0.685855,-0.339566
-0.583614,-0.403982,-0.68024,-0.182941
0.588423,0.755118,-0.246396,-0.151143
0.150147,-0.000251,0.875378,-0.459531
-0.648555,0.512618,-0.561214,-0.040483
-0.000213,0.812763,-0.119846,-0.570134
0.415485,0.101985,-0.702796,0.568374
0.366526,0.016388,-0.855866,-0.364532
-0.982845,0.021022,0.146476,-0.110082
-0.853292,-0.078508,-0.295574,0.422333
0.08814,-0.318133,0.909395,-0.253029
0.05854,-0.585253,-0.799999,-0.118548
-0.155833,-0.221152,0.523902,-0.807673
0.424807,0.284061,0.618388,0.59703
-0.069367,0.787964,0.315313,0.524288
-0.449656,0.424859,0.264988,-0.739652
-0.967368,0.00923,-0.253207,-0.000247
-0.284353,0.507656,-0.567894,-0.582173
0.521619,0.178125,0.800549,0.235176
-0.379796,-0.490726,0.765095,-0.171967
-0.626241,-0.065285,-0.680273,0.375219
0.906762,0.000268,0.341551,0.247236
0.18384,0.099238,0.397448,0.893527
0.246442,-0.71465,0.178863,-0.629722
-0.66818,0.148189,-0.699677,0.205006
-0.86883,0.269966,0.382663,-0.160692
0.058974,-0.601594,0.092016,-0.79129
0.656463,0.56429,0.290532,0.407706
-0.352919,0.462974,-0.506423,-0.636113
-0.409509,0.707103,-0.218719,0.533357
-0.303183,0.938997,0.115714,0.113911
0.857416,0.352126,-0.081318,0.366378
0.044478,-0.691985,-0.39697,0.601326
0.278436,0.367559,0.231074,0.856725
0.113758,-0.138726,-0.928495,-0.325133
-0.047606,0.688686,0.512078,0.511099
-0.11667,-0.513901,0.620172,-0.581103
-0.3917,-0.763915,-0.188843,-0.476806
0.374845,0.440084,-0.309131,0.755152
0.205866,-0.075136,0.873601,-0.434505
-0.471128,-0.222999,0.584582,0.62175
0.459486,-0.262178,0.807591,0.260636
0.201764,0.68486,-0.369862,0.594525
0.554913,-0.342323,-0.749618,-0.113837
-0.231928,0.928255,-0.241922,-0.161327
0.133817,0.550282,0.232967,-0.790576
-0.390527,-0.524536,0.121617,-0.746699
0.781577,0.54715,-0.016159,-0.29917
-0.355927,-0.904417,-0.031015,-0.233205
-0.309517,-0.635963,-0.568152,-0.420658
0.350374,0.327083,0.523602,-0.704341
-0.162073,-0.360109,0.868475,-0.299675
0.094453,-0.104791,-0.513091,-0.846661
-0.373997,-0.208999,0.454645,0.780861
0.743512,-0.643756,-0.171895,-0.056754
-0.549677,0.620923,-0.508109,0.232671
-0.591285,0.134742,-0.719204,0.339076
-0.593192,0.701887,-0.000994,0.394307
0.436292,-0.609478,0.501404,-0.432181
0.158428,0.493322,-0.836117,0.180121
-0.479016,-0.396311,0.773982,-0.120135
-0.152395,0.970516,-0.058839,-0.177237
-0.166622,-0.05441,-0.004972,0.984506
0.768864,-0.394525,0.499748,-0.058741
-0.179632,-0.883842,-0.169197,0.397401
-0.413197,-0.747935,-0.509151,0.103084
-0.301676,-0.352353,-0.511648,0.723226
-0.06755,0.608591,-0.092919,-0.785125
0.03031,-0.929689,0.336937,0.145717
-0.642129,-0.187048,0.352764,-0.654401
0.001993,-0.137358,0.757315,-0.638438
0.088316,-0.327751,0.508719,-0.791192
-0.053656,0.75695,0.637102,-0.135084
0.622797,-0.440484,0.48355,-0.429276
-0.044457,-0.881096,-0.000746,-0.470843
-0.920598,-0.054593,0.278459,0.268289
-0.157727,-0.243419,-0.204478,0.934911
-0.607938,0.602537,0.302077,0.419654
-0.377865,-0.574565,-0.417737,-0.593791
0.335736,-0.654418,-0.572785,0.361851
-0.758398,0.506382,-0.399151,0.095335
-0.298416,0.451473,0.578916,-0.609898
0.640841,0.439503,-0.627109,0.053793
0.43262,-0.830249,0.206607,-0.284325
-0.656442,0.384269,-0.032242,-0.648368
0.132234,0.153627,-0.950919,0.233809
0.515391,-0.035043,-0.635809,-0.573491
0.106932,0.649802,-0.749648,-0.065959
-0.507383,0.638581,0.415964,-0.402183
0.634519,-0.02312,-0.711884,-0.300121
0.068535,0.992526,0.040155,0.092643
-0.583807,-0.02562,-0.345306,0.734354
-0.143964,0.257535,0.733822,-0.611928
-0.648449,-0.532223,-0.494261,-0.227943
0.477781,0.439518,0.509335,0.564914
0.537607,-0.44535,-0.035288,-0.71512
0.688829,-0.272566,-0.532067,-0.410034
-0.427404,0.493789,-0.613328,0.444215
-0.201462,-0.296597,-0.391197,-0.847589
0.376302,0.69779,0.585892,-0.167977
-0.320176,0.529575,0.76205,0.190572
0.228899,-0.522596,0.141265,-0.809038
0.052002,-0.261685,0.523116,-0.809423
-0.447305,0.260677,0.563978,0.643346
0.131054,-0.088705,-0.340731,0.926746
0.432642,0.54397,0.523571,0.492738
-0.250262,0.304576,-0.79801,-0.455833
-0.077799,0.26879,-0.696489,-0.660758
-0.361747,0.776538,-0.414363,-0.307296
0.33413,0.241237,0.738352,0.533852
0.731484,0.285616,-0.401171,-0.471611
0.177394,-0.792006,-0.316702,-0.490875
-0.205715,-0.946819,0.169078,-0.18063
-0.916608,0.013703,0.008735,0.399457
-0.964181,0.055159,0.20483,-0.159238
-0.037028,-0.897605,-0.414564,0.145159
-0.922965,0.220999,0.181131,-0.257852
-0.207628,0.343584,-0.915744,-0.015907
0.316497,0.713443,0.458175,-0.425329
-0.115542,0.846194,-0.36408,0.371553
0.705642,0.519556,0.137991,0.461616
0.723178,-0.366738,-0.476377,-0.339974
0.184551,-0.908206,0.121626,0.3554
-0.255245,-0.392385,-0.830702,-0.301361
-0.562527,-0.657283,0.025292,0.500902
0.881298,0.275653,-0.369914,0.102436
-0.269299,0.657703,0.703265,-0.017987
0.515424,-0.208985,-0.776461,0.296264
-0.772969,0.55468,-0.153804,-0.266822
0.395283,0.147867,0.387252,0.819709
-0.376656,0.586506,0.690062,-0.194823
0.246795,-0.907202,0.322073,0.111112
0.192098,-0.35447,0.868345,-0.288836
0.507225,-0.057412,0.613767,-0.60226
0.2511,0.126182,0.41529,-0.865194
0.344877,0.681641,-0.31882,0.561052
0.407916,-0.826888,-0.068468,-0.381017
0.721307,0.247457,-0.61185,-0.210049
0.089293,0.394876,0.793901,-0.453675
0.495036,-0.706851,0.366058,-0.348286
-0.942514,0.250917,-0.052803,0.214289
0.588463,-0.112772,-0.751465,-0.276213
0.442267,0.511859,-0.592435,0.437516
-0.06595,0.240721,0.018305,0.968178
-0.012468,0.591093,-0.536795,-0.601917
0.155552,0.736505,0.137638,0.643755
0.571092,0.240245,0.635274,-0.461045
0.807951,-0.456654,-0.364445,0.076559
-0.668195,0.401528,-0.374317,0.502173
-0.131672,0.174052,-0.950262,0.222195
0.39208,-0.16884,-0.875859,0.225025
0.741159,0.418499,0.130983,0.508316
0.489339,0.336274,0.795543,0.120739
-0.073617,0.631084,-0.484928,0.600964
-0.490342,0.520973,0.474574,-0.512768
-0.183107,-0.324068,0.431754,-0.821608
-0.050875,0.18453,0.742869,-0.641487
-0.369062,-0.135434,-0.07131,-0.916715
-0.722252,-0.346176,-0.539234,0.260268
0.773659,-0.420666,0.125681,0.456833
-0.036564,0.272009,-0.40563,0.871859
0.089852,0.696998,-0.705162,-0.09417
-0.730467,-0.549367,0.232432,0.332549
-0.007221,-0.226387,-0.504614,-0.833104
-0.884996,0.320802,-0.028818,0.336211
-0.505514,0.838487,-0.169697,-0.112238
0.056458,-0.761612,-0.62163,-0.174174
-0.5009,-0.125359,-0.818298,-0.252533
0.525693,0.700361,-0.401649,-0.26799
0.005771,0.446795,-0.029372,0.894136
-0.30901,0.216785,-0.787295,0.487528
0.378528,-0.595779,0.131823,0.695979
0.33228,0.6011,-0.699646,0.196886
-0.253135,0.543509,0.156176,-0.784939
-0.814406,0.369313,-0.211665,-0.394395
-0.166782,-0.81807,-0.035337,-0.54927
-0.708004,-0.306518,-0.486309,-0.410219
-0.943168,-0.172007,0.203367,0.198719
-0.284021,0.845224,0.449861,0.050535
0.977769,0.001408,0.105214,-0.181374
0.252936,0.366757,-0.111956,-0.888245
-0.5576,-0.358034,0.659516,-0.354869
-0.920134,-0.142082,-0.232018,-0.281662
0.205278,-0.767656,0.422688,0.435775
0.225968,-0.371892,0.603584,-0.668073
-0.005166,0.714457,0.413372,-0.564488
0.722684,0.419971,0.535257,0.121871
0.166443,0.894894,0.410458,0.054632
0.451582,-0.520805,0.480034,0.54259
-0.657119,-0.211011,-0.08277,0.718901
0.331226,-0.677991,0.534674,-0.380448
0.753915,0.002673,-0.653535,0.067062
-0.183357,-0.618002,-0.023531,-0.764134
-0.400069,-0.624122,0.128142,0.658784
-0.7882,0.317556,-0.483171,-0.21082
0.413152,-0.785942,0.432523,-0.156603
0.634643,0.420753,-0.064967,-0.64496
-0.020328,0.70225,0.336698,0.62695
-0.085639,-0.895424,0.366384,0.238001
0.947622,-0.145477,-0.145049,-0.244561
0.322864,0.352156,-0.641993,-0.599659
0.665204,0.574744,-0.212749,-0.426509
-0.276893,-0.119394,0.523588,-0.796825
-0.079041,0.114401,0.201955,0.969474
-0.424638,-0.59659,-0.616383,0.289543
0.756653,-0.085845,-0.078802,0.643349
0.741015,-0.100111,-0.571526,0.337983
-0.48736,0.4559,-0.024079,0.744349
-0.89995,0.218171,-0.304687,-0.222837
0.344575,0.766027,-0.364521,0.401989
-0.585342,0.703248,-0.318751,0.247418
-0.229744,0.830143,-0.487579,0.142641
-0.015048,-0.771957,-0.274425,-0.57319
-0.14246,0.576034,-0.584583,-0.553311
0.411765,-0.513823,-0.68273,-0.316727
0.223861,0.818305,-0.171278,-0.500926
-0.684711,-0.500962,0.171812,-0.500688
-0.168678,0.620914,-0.49829,0.581137
0.578313,0.345038,-0.687055,-0.272872
-0.062127,-0.477096,0.859629,-0.171923
-0.369394,0.536831,0.753993,-0.082801
0.00958,0.511081,-0.590374,0.62463
0.376269,-0.616726,0.511191,0.465569
-0.578004,0.386513,-0.587811,0.413519
-0.516943,-0.294511,-0.368366,-0.71438
-0.165994,-0.16617,-0.748493,0.620155
0.165811,-0.165912,-0.657137,0.716345
-0.420385,0.556172,0.71682,0.010895
0.436547,0.621255,0.608373,-0.230981
-0.711263,0.164404,-0.460344,-0.505133
-0.847013,-0.150465,-0.027105,0.509112
0.679244,-0.392846,-0.436577,-0.440114
-0.569319,0.43494,0.186192,0.672336
-0.6682,-0.510065,-0.481678,0.247647
0.532485,0.230901,-0.585367,0.566118
-0.112436,-0.077887,-0.337404,0.93137
-0.167366,0.64225,0.740858,0.10312
-0.57977,0.414943,-0.623071,0.321669
0.547066,-0.617516,-0.241862,-0.51078
-0.606189,-0.057539,-0.046917,0.791848
-0.430239,-0.572823,0.360869,0.597111
0.63727,0.00488,0.542586,-0.547233
-0.97291,-0.04721,0.037317,0.223213
0.567307,0.518218,-0.322489,0.552824
0.671943,0.110337,0.206343,0.702666
-0.470099,0.514884,0.605282,-0.384104
-0.25911,0.679816,0.509431,0.459556
0.376036,-0.058033,0.343467,0.858638
-0.118957,-0.050477,-0.727038,0.674328
-0.347155,-0.270346,-0.334888,-0.833215
0.719679,0.125702,0.524251,-0.437518
-0.14537,-0.702109,0.032829,-0.6963
0.493299,0.343522,0.759008,0.250112
0.537978,-0.644616,0.527548,-0.129394
0.198518,-0.286049,-0.388609,-0.853082
0.106209,0.982783,-0.068599,0.134724
0.339454,-0.207891,-0.17475,0.900563
-0.537772,-0.047239,-0.155584,0.827263
-0.142627,-0.573387,-0.136414,0.795158
0.888843,0.262515,-0.231847,-0.29545
-0.212551,-0.266111,0.317108,0.885127
-0.890584,-0.322451,0.240125,-0.212664
-0.027134,-0.352369,0.217677,-0.909789
0.13801,-0.683185,-0.70373,-0.137753
0.095509,0.182295,-0.194887,0.958992
-0.437241,0.406378,0.291301,-0.747543
-0.653744,0.58613,0.383523,-0.286322
-0.284616,-0.675694,0.08736,0.674388
0.555844,-0.243371,0.548468,0.575318
-0.176792,0.256547,0.506306,0.804104
-0.430181,-0.771592,0.01915,-0.468212
-0.238668,-0.819572,0.504649,0.129108
0.532003,-0.649885,-0.540819,0.046235
0.421717,0.222117,0.583767,0.657294
-0.036832,0.644933,0.036241,-0.762491
-0.384363,-0.569254,-0.715955,-0.124992
-0.74217,-0.40413,-0.534064,0.02525
-0.02612,0.059783,0.478342,-0.875747
-0.73108,-0.412805,-0.247661,0.483506
-0.077075,-0.820059,-0.44461,-0.351972
0.519597,-0.671078,0.492045,-0.193817
0.789796,-0.437573,-0.217185,-0.370921
-0.558997,-0.69544,-0.146498,0.427111
0.228938,0.642394,-0.3855,0.621536
-0.161067,0.831373,0.531729,-0.011863
0.724608,-0.415276,0.549806,0.014256
-0.580427,0.284828,-0.516356,-0.561563
0.340053,-0.857427,0.214602,0.321136
-0.155054,0.252741,-0.060026,0.953141
-0.429512,-0.810714,0.330264,0.221784
-0.679902,0.406105,-0.554758,-0.255058
0.217443,0.051866,-0.856643,0.464963
-0.057625,0.136907,0.419005,-0.895751
0.446509,0.364074,0.815838,0.049884
0.824379,-0.326843,0.349441,0.30243
0.683872,-0.554407,0.402112,0.251511
-0.744026,-0.388861,-0.539596,0.063628
0.155104,0.241604,0.092741,0.953399
-0.753139,0.105832,0.021348,0.648942
-0.426643,-0.400549,0.323475,-0.743573
-0.266601,-0.432215,0.838327,-0.198295
-0.206567,0.606638,-0.335087,0.690679
-0.735513,-0.057655,-0.632079,-0.237009
-0.109245,0.235096,0.937942,0.230348
0.751647,-0.297554,-0.523986,0.268194
-0.216338,0.269532,0.750129,0.563788
-0.448848,-0.806931,-0.327147,-0.200928
0.677529,0.092059,-0.620027,-0.384768
-0.6838,-0.317737,-0.638322,0.154937
0.844511,0.099892,0.354929,-0.388391
-0.451467,0.891182,-0.04288,0.011543
0.85049,0.171923,0.231574,0.439866
-0.349155,-0.832834,0.375629,0.208283
0.180725,-0.507384,0.307153,-0.784574
-0.907595,0.045106,-0.322182,-0.265397
-0.19022,-0.420031,-0.673533,0.577705
-0.666177,0.720823,-0.190028,0.022633
0.629556,0.420452,0.470903,-0.452913
0.200809,0.222435,-0.859791,-0.413471
-0.780056,0.267887,-0.131144,-0.550046
-0.288557,-0.698326,-0.064781,-0.651828
0.208271,0.864424,0.292476,0.351927
-0.27958,-0.40264,-0.758992,0.428541
-0.348511,0.064391,0.921679,0.157801
0.304873,0.005955,0.898519,0.315723
0.0004,-0.381068,0.831505,-0.404211
0.091003,-0.130139,-0.032916,-0.986762
-0.647633,0.482345,0.589344,0.024241
0.037481,0.385269,-0.640427,-0.663338
-0.447592,-0.455216,-0.166489,0.751479
-0.234413,0.028505,0.684703,-0.689507
0.038834,-0.751987,0.583828,-0.303567
0.125576,0.382354,0.347703,0.84684
0.656952,-0.494504,-0.565559,-0.063429
-0.400507,0.796055,-0.414767,0.184006
-0.750969,-0.534783,0.190222,0.337444
0.329367,-0.757302,-0.532238,0.18637
0.465199,0.757185,-0.279947,-0.363166
-0.350746,0.325865,-0.047623,-0.876653
-0.224217,0.614045,-0.411946,-0.634805
