x,y,z
-100.296036,76.589462,-120.234673
-146.456848,-45.870296,82.577408
-93.315399,145.84523,20.05706
122.369339,-74.166328,-99.471703
-54.952892,-0.57489,-165.372986
140.620956,-54.321888,87.407066
82.257111,-46.853764,-146.356705
124.42363,-70.665047,-99.483658
164.687439,-29.169716,-48.932579
57.531525,-150.936279,-65.510796
-148.281189,-3.947754,91.512466
52.240005,-123.106613,-111.792328
-95.647064,145.577942,-6.304529
58.006977,-122.727318,-109.336014
-1.755835,-92.25869,-147.842972
-155.703262,-76.379814,-17.05604
-50.98761,70.647186,-150.933029
-128.502823,-61.017265,100.738602
-23.314713,169.564911,32.963924
-35.977253,170.081223,-12.452015
13.331451,78.334877,-155.115265
125.057037,58.252605,-106.471024
154.69313,-22.175694,-77.191803
74.526009,-135.365555,80.658638
154.277313,80.475189,9.846351
19.519709,136.282181,-106.86515
55.626961,145.569122,78.035988
66.98465,160.740356,6.230438
32.551456,-171.024567,7.744957
-42.246941,140.008865,-94.834381
-135.988998,-105.698944,-26.503769
-173.261475,16.127525,9.672438
162.463593,54.877899,-31.05043
16.934895,-168.86087,39.760685
-162.370636,-28.348564,56.691109
33.571117,-144.215454,-91.958733
167.025146,-24.610558,-43.172569
133.991241,-37.948929,104.759888
9.935472,35.48909,-170.333633
-3.317659,75.537399,157.016327
100.276169,142.335327,7.422956
-163.530304,-26.151243,54.229294
66.944214,-83.284393,137.645874
117.19487,-122.316757,41.052803
-25.336573,-89.940475,147.131866
-140.434021,-43.978909,-93.321419
-32.295944,-143.257278,93.905106
152.147202,5.789363,84.820724
79.227051,116.549454,-102.518669
-155.916611,-64.346962,-43.75737
-51.189724,161.645447,40.310471
169.330887,29.127048,29.311867
-61.759361,-3.266998,162.914032
-55.950909,58.975983,154.145279
14.322935,169.022964,40.082321
-93.49704,-146.719727,-10.089149
-104.154556,111.053505,84.855972
-54.934059,138.229553,-90.86158
-103.649353,73.827454,119.042862
-163.277863,-25.230164,-55.384666
109.797722,-118.029861,66.217514
-67.25869,5.747937,160.693024
-67.313698,-153.301559,-48.456436
-18.89241,46.132233,-166.969345
-50.610291,-112.27858,-123.273026
89.751724,-52.353836,-139.909241
23.576675,-2.93129,172.660751
34.864517,42.830452,165.294434
-1.096954,172.500198,25.019394
-136.210907,-50.704002,96.206345
24.399899,-165.937866,47.333164
85.370316,-122.096809,-90.402748
48.171078,-54.01553,-158.562164
-94.39727,96.636902,-110.11351
-142.0849,-96.845062,-28.580677
159.904114,61.229645,-32.520023
119.574631,41.028481,119.990303
17.76601,-153.811737,80.045876
68.107315,-107.294891,119.21225
0.503254,-145.738434,-95.557968
-48.574799,-161.630081,43.541256
110.206009,96.099724,94.800652
-151.050964,73.066505,47.132141
-38.515026,117.706627,-122.661674
23.039993,167.588562,-41.868427
149.369812,-58.380497,68.192848
-90.61824,144.52948,-35.822315
168.75769,20.377062,38.375725
37.800571,18.771011,169.112152
-88.430771,125.607468,82.285675
-64.793526,102.750305,-124.974274
93.550484,88.265701,117.627792
98.393707,-143.803177,-4.419449
-105.495163,-122.592873,-64.884514
-17.608902,111.771408,132.585693
101.085281,-44.118576,-134.936264
4.068237,59.07056,163.925323
165.885498,25.835693,46.768021
-98.328156,-30.267902,140.668015
-4.06165,52.143837,-166.28331
-42.389671,146.991302,83.453781
-22.093399,132.953903,-110.477051
68.998741,160.04129,-2.772945
-10.906889,-165.937805,52.104103
-129.618744,105.56192,-49.278175
98.398666,-92.543915,110.118752
42.893555,23.196896,167.312851
-9.33176,118.519318,127.404091
-91.166321,132.96785,66.251862
-3.338831,124.090866,122.332321
-144.747604,79.343315,55.821579
109.40509,42.818649,-128.696564
8.446255,-87.116318,150.690765
103.586784,-71.262993,-120.645966
-85.827026,-20.148739,-150.335953
-102.515816,-128.813202,-57.263813
63.285019,-21.353403,-160.996307
161.527344,-61.92123,-21.188843
87.58461,-94.783257,117.111404
-75.857056,135.013947,79.964195
161.245926,0.397522,-66.124451
151.336746,60.32423,61.891273
-124.658859,107.645493,-56.932709
152.117783,-84.846069,-6.540367
168.047699,-43.23793,15.912941
-66.671326,-22.577477,-159.419556
-147.790283,57.807491,-72.046936
158.194946,69.797424,21.950144
-82.97583,-131.757416,78.233536
158.118057,-62.579437,38.065758
128.885712,18.446472,115.848412
14.697312,-173.231857,12.22099
17.08094,-132.794647,111.570259
148.371201,-29.675938,-86.504723
-76.537086,141.850189,66.220085
-154.496918,68.29097,42.915001
149.722565,87.369003,18.044491
91.706314,49.26828,139.756317
170.711334,3.907562,-34.823822
-24.959232,45.522537,166.336548
-32.816181,22.052101,169.722748
-3.098839,-96.489746,-145.13031
108.36586,-55.529587,-124.671051
103.094925,-134.565781,-40.591343
85.437286,12.459686,-151.377884
-1.179543,-140.811646,-102.649902
-63.512207,-66.880211,-147.9104
-58.830559,139.915833,-85.700729
35.846825,-14.614906,-169.951904
157.837677,-14.720207,72.364319
159.879395,36.789101,-58.718269
76.676689,141.876465,-66.128609
-21.826263,-49.05764,165.809891
-69.979179,-27.203598,-157.292953
58.970825,-153.142517,-58.661335
-28.212616,-95.214157,143.24292
128.003479,-110.962799,41.075619
108.259995,123.795364,-57.67392
-172.459885,24.661509,5.709167
72.206039,-147.6577,57.977581
159.941391,31.444452,-61.646523
68.940201,79.42482,138.963928
71.305153,155.272736,34.277859
140.144958,56.894135,-86.550407
-145.986572,-67.432343,-67.151161
-4.518036,18.810598,-173.235504
15.833709,16.328327,172.815628
90.860695,117.070732,91.741089
86.072014,147.033112,-36.623402
34.558701,169.950806,17.416748
38.676544,-165.720398,37.760765
14.675697,-172.85614,16.86087
101.799133,-20.8936,139.91272
-63.522568,-0.138931,-162.314529
-27.452908,-144.720825,93.194817
90.118584,148.294525,-16.270754
-118.454178,121.867783,-38.611549
143.566559,95.680809,24.817955
-65.924026,30.595959,158.427872
-25.751902,172.01619,-11.038148
43.893883,31.287241,165.755646
-68.934311,157.25206,30.02066
14.751717,-154.649933,-78.927704
-66.898293,98.482536,-127.291679
2.657677,109.070236,-135.871323
142.55545,75.224052,-66.203278
-73.532959,14.086464,157.392487
135.315948,-34.57164,-104.284988
52.061657,86.176231,-142.245605
-59.320118,-160.336945,-33.930115
67.800919,-3.14825,-160.505646
-132.997665,-107.218964,34.335823
55.108238,86.292,-141.056335
100.566025,-142.161224,-7.524216
-117.088837,126.59259,-25.287018
66.710876,-134.953751,-87.797234
-172.220154,-20.614805,16.799109
114.630508,-91.400009,94.279373
109.943176,135.136353,5.657661
132.455414,-72.913719,-86.669914
-66.694138,-48.39019,153.577911
120.317169,-121.240372,-34.675438
-106.465698,136.956619,16.507172
-132.167847,-63.158516,-94.433434
76.392982,-91.829536,-126.89151
-67.062668,-87.286652,-135.141556
-49.382839,-75.784142,-148.947388
94.987175,141.505859,-36.350166
-60.33651,-120.115799,110.93364
15.128562,1.822128,173.623505
-14.764683,-155.631348,-77.062668
46.762238,124.718498,-112.430084
-60.742668,-148.480194,-68.157776
143.622772,3.416853,-98.608551
2.838524,174.235489,0.327335
-31.74015,-171.247009,-6.970617
96.525421,-115.118988,88.391304
71.022606,155.698776,32.883564
93.524574,-143.895309,30.393543
122.972733,-37.617237,117.606705
93.19931,10.950335,146.86644
-12.895424,-173.508698,-9.998355
-161.833481,34.603455,-54.563236
-107.873222,136.784363,-4.356181
78.224342,-115.273514,104.714424
83.344246,152.125015,-16.596546
39.998512,-36.105263,165.707535
1.388588,34.948425,-170.720703
-13.656717,2.888229,173.724884
163.913681,-2.139812,59.180115
75.13224,-145.829926,-58.811398
-98.374771,112.867012,89.207611
63.447502,114.325829,115.27951
-30.137154,141.90831,-96.53569
24.325531,169.686676,31.544785
-154.042343,71.08419,-39.959358
18.803051,-145.453064,94.194321
113.698044,68.642715,112.884918
-38.914722,40.91737,164.87178
11.878637,43.220463,168.440826
-173.8927,-4.542847,10.261848
-168.735428,-39.798664,-17.99337
-137.631561,-57.80191,89.886673
-18.330254,40.822483,-168.462021
36.956848,43.788406,164.560165
-33.156448,168.429657,30.176315
132.241577,-97.951653,57.338402
-33.394485,112.185104,129.150452
28.775248,-109.741165,-132.32373
3.970743,-10.809225,173.897369
120.442535,77.914665,98.9702
-144.466736,-65.312317,72.41864
160.389832,40.102402,55.214203
-79.961899,-8.067276,-154.669327
133.971069,30.869371,107.078751
-126.0382,82.589203,87.603104
-111.879852,-129.30983,33.563095
-66.946014,17.42141,159.94339
36.287285,-160.221954,58.263687
21.823854,-81.442795,152.552017
114.568817,113.69725,65.66993
65.314011,-115.140366,113.350586
-54.784828,47.28223,158.524445
77.050949,63.027374,-143.082047
-123.464668,-119.492325,29.156372
-14.913509,153.511719,-81.186653
-58.543106,117.42424,114.747353
-94.543991,-143.688248,28.151489
18.037048,25.002665,-171.542786
-8.583445,118.894882,-127.106995
78.696548,14.933262,154.813644
134.67923,22.350302,108.381424
-7.802261,31.949492,-171.170029
14.633072,57.730953,-163.755737
153.768311,-6.658506,81.82254
-172.237076,-23.551012,12.872032
-120.264511,25.041016,123.614143
58.605881,-20.845388,-162.814713
162.572403,57.879387,-24.240681
84.39415,136.529037,-67.96389
77.352829,16.268187,-155.338242
-156.773499,-69.261856,-31.735022
-144.124496,-32.933262,-92.28833
-141.504898,-73.393265,-70.379265
-128.521561,-117.639,2.858231
172.973465,6.043037,20.521606
148.345917,-91.501007,-0.558456
82.783852,113.093079,103.578224
8.772926,-172.331314,24.635204
52.556328,36.599358,-162.100021
99.671265,108.171974,93.509018
-146.84259,63.515648,69.121109
-143.547043,-95.862869,-23.908302
116.263779,-6.683464,129.68866
3.387677,155.291275,-79.078621
-93.770401,-124.435303,-78.15596
163.159668,21.681381,-57.36235
62.198818,38.068264,-158.316086
146.395645,-84.707718,42.108559
103.864059,-11.372337,139.501999
-25.787283,106.327904,135.688568
-23.088022,-47.270119,166.137329
32.009315,-50.887802,163.566254
-46.086533,164.788162,-33.066433
-29.98719,169.54422,-27.146133
4.276655,-166.987885,-49.600967
116.375854,-122.352089,-43.16703
-161.00647,-63.471012,-20.695824
-126.602219,10.70451,-119.324989
-154.137955,18.233459,-79.197159
37.575684,-170.144684,-4.37674
82.63929,118.066399,98.025299
25.515369,-152.510071,80.326546
88.817299,-149.852051,-6.214722
-73.726837,-23.331749,156.180328
-68.2416,-22.889557,-158.746506
-61.152153,14.538887,162.548996
76.686661,123.477798,-96.121422
33.438995,-50.85363,-163.330231
-16.750095,-77.857079,-155.037048
-58.689892,-163.2948,16.361454
8.848196,138.052719,105.994247
64.905579,70.177811,145.700394
166.293518,-44.613033,-27.176903
67.231155,99.654739,126.217255
-115.596298,-117.459381,-56.602402
-91.625793,144.829437,-31.688515
55.196407,81.219124,-144.013748
117.423187,-24.969185,-126.352592
-70.219193,56.395081,-149.21904
-108.399307,-55.565144,124.687988
136.046722,-94.499359,-54.257465
87.753799,138.344467,59.463165
161.68634,-23.349457,-60.662048
123.739609,-84.135605,89.333237
-77.77491,126.395279,-91.387711
-111.364342,48.21196,-125.074707
24.033224,2.476003,-172.593475
102.799782,-107.246696,-91.101372
-158.833466,30.479973,-64.960571
-100.055214,-140.269241,26.241165
114.015053,131.127167,-13.555031
133.329697,91.642509,-64.828445
-139.259293,-38.33604,-97.507706
-151.027405,-53.414093,68.696083
101.810051,-131.740036,-51.584099
142.530045,-67.243134,74.338242
19.151064,-13.097588,-172.698212
-122.791931,77.473961,-96.403732
-5.668377,141.994934,100.894104
150.737305,-87.043579,8.946491
89.01667,108.722885,-103.138191
-154.440826,-59.806808,-54.287937
-95.48848,-63.42664,-131.247559
-149.676773,89.190079,3.465543
126.347763,29.461914,116.355118
-162.901886,15.618149,-59.924561
-80.907455,58.227184,142.942444
-60.680847,-32.38131,160.150192
128.269501,-43.735771,109.570229
-100.022797,99.9226,101.921082
-132.412613,-38.270023,-106.696854
78.760101,48.012432,-147.905228
-88.767082,-39.897552,144.567978
-51.900948,104.563034,129.38266
38.967094,160.22937,-56.309616
107.232269,-11.938377,-136.869812
-148.17804,-91.114471,-10.334038
-130.910599,113.748154,-17.210579
-117.868683,-2.379967,-128.400284
-68.844688,74.887085,-141.541718
-45.928501,-108.185951,-128.704758
86.770645,109.893013,-103.808235
112.727699,-16.807774,-131.840912
-24.101349,160.075989,-64.52932
9.690178,4.94899,173.926773
-96.442627,142.01355,30.19557
37.265823,-168.836578,-21.860435
90.926132,64.463898,-133.9608
41.129807,169.320099,-2.679855
143.067352,74.364006,66.224457
-70.259148,140.812805,74.87925
71.573502,-155.150192,-34.233433
79.223129,-152.342117,-29.713699
-88.106201,133.374908,-69.490715
18.801949,-159.116013,-68.653992
111.650253,105.83947,-81.869522
-76.198601,105.686852,-115.746246
72.059616,124.492752,-98.448006
94.234619,-141.341766,38.859886
-72.265976,148.809143,-54.804775
151.272247,-50.331505,70.456718
45.942181,113.180855,124.26767
-109.926453,89.920502,100.977661
101.650154,-137.626663,33.276176
7.07077,-105.601692,138.499451
-87.531319,-150.15564,12.801221
-145.013718,23.410789,93.83416
-106.17424,111.5317,81.663025
-147.093552,63.363228,68.685669
-11.832981,-166.139557,-51.20644
16.476807,-139.997238,102.507294
-137.010529,73.960655,-78.332596
-71.904343,151.291718,-48.061962
124.271996,105.825195,61.037697
-95.754089,-128.574173,-68.392822
-23.614668,147.640396,89.57917
-9.16552,-162.524658,-62.30798
-23.664398,-142.715576,97.150436
17.868473,-151.22287,84.768852
-105.722923,-138.347504,7.916218
-19.713524,-91.973488,146.744858
-35.499153,147.203888,86.321381
41.390759,-43.230194,-163.715164
-61.76973,-7.274643,162.834106
-169.464508,-36.939083,-16.801102
-9.515099,-155.894714,77.344589
-23.558739,52.620842,164.49118
-133.043365,111.067856,-18.563408
-117.171318,-23.970303,126.726776
-60.658638,-103.797951,-126.206573
-24.188942,-161.508789,60.895966
-93.302124,10.824066,-146.798401
-170.148453,17.5075,33.38979
13.692596,-12.092403,173.328583
-48.893242,44.202538,-161.347565
106.697235,114.129662,77.216614
-52.640839,-96.001694,-135.623734
-149.649094,-3.826984,89.256012
165.27446,-53.654091,13.075554
-17.971264,92.42511,146.636505
-49.859489,154.318695,-63.848118
-64.656387,-147.152954,-67.431503
133.023743,-25.401428,109.683472
93.800491,-74.653465,-126.507965
-165.799118,37.661602,38.371468
-40.784241,21.44202,-168.079102
-31.532909,-167.232239,37.635075
124.36647,-23.316654,119.816017
-36.912155,168.546692,24.73173
-120.686073,-120.534363,-35.687073
-70.694458,99.822746,124.132973
-155.011398,-74.073128,-29.338411
-22.146959,171.311279,-23.225969
-170.56488,-26.981289,23.649647
10.956726,98.84079,-143.155518
-159.925751,-66.275963,-20.215019
-65.607506,-161.199982,-9.185961
-127.993973,-51.788338,106.315674
-95.255013,-131.08287,-64.247345
-91.300842,73.643234,128.938919
31.268829,-148.664352,85.422241
32.444344,-164.363556,-48.116882
139.878571,91.532631,-49.21349
-114.50135,-129.385788,23.019094
-132.071808,83.431557,77.295288
44.35519,-29.511316,165.959946
55.099808,-42.267239,-159.879532
-148.861954,4.250469,90.469101
43.375542,-46.078644,-162.375458
-53.070972,64.374069,-153.006271
20.349873,-72.015221,-157.380966
3.312336,-48.095478,-167.460236
-102.941872,20.222847,-139.181015
-72.400635,-39.836292,-153.475189
-40.687908,131.096725,-107.42247
-10.278877,159.425278,-69.722244
108.590805,6.55196,136.180817
-134.404785,108.5093,23.237761
-136.27919,-44.003571,99.272308
-66.078201,83.303566,-138.101868
2.341002,17.729046,-173.363892
-0.637699,172.094574,-27.68891
-121.444679,-13.822517,124.199356
49.063389,140.932724,-90.028
-56.544872,123.138474,109.647263
-90.488091,-119.965401,88.253487
28.112259,-86.022659,-148.941742
-147.966034,-51.877342,76.042007
-171.047806,-15.744776,29.389488
14.400482,-162.645203,61.007927
65.567688,16.945946,-160.609344
-162.106354,-1.010275,-63.948719
-77.509232,-146.411636,-54.119583
23.587997,-141.911011,98.420631
-152.720551,73.513565,-40.698421
-134.091003,-84.056557,-72.968445
-31.22163,143.44606,-93.922516
-30.484516,-150.724945,81.99279
68.445251,17.936466,159.30687
-168.366867,-36.369228,26.597904
90.192131,89.887955,-118.992584
-9.721613,-32.967934,170.88063
-29.339157,53.683933,-163.209412
-15.949203,118.600441,-126.726776
132.109772,7.058899,113.439072
164.621033,-54.937405,16.251196
95.972733,140.315338,-38.451351
153.927155,55.50544,59.920029
-77.663528,145.128616,57.230976
135.983856,57.168556,92.844322
7.727749,68.503799,160.096375
-149.014984,89.377258,-13.586109
62.017616,61.477074,-150.828079
-44.890625,-160.176605,52.003445
171.241135,-27.071674,-17.621899
-122.154076,-67.915207,-104.125465
-9.011734,158.654633,-71.60405
9.685364,-96.749329,144.623978
-113.491539,97.672302,-89.188133
6.012444,151.912582,-85.196014
-154.859116,62.464172,-49.857601
124.507774,48.715042,-111.841621
-157.198761,-74.542229,10.344036
48.823822,89.143341,-141.552368
104.61528,139.357666,0.008533
-120.514175,-103.43029,-71.745331
-96.181908,142.656494,27.936146
-150.001236,-61.938057,63.623703
-47.692543,80.766197,146.907547
-68.216263,14.781918,-159.721359
-76.6381,-124.656227,-94.682655
-170.925156,34.11142,-0.854206
5.939817,34.673309,170.725479
-144.974625,93.583794,24.224274
127.885567,-93.522095,-72.60318
164.016068,52.938042,-25.683914
-70.202515,-68.137566,144.261841
156.185532,-68.198967,36.5798
-123.961029,-83.326263,89.85199
132.163773,39.682404,106.424774
49.141609,57.633003,156.93808
165.436096,-30.468632,45.47892
-128.417648,95.664062,68.850021
-125.735947,-118.537659,-22.603422
-143.063965,74.698067,-65.853455
-6.62748,-3.024233,-174.121506
69.070808,112.307343,113.938423
35.74231,166.108612,-38.889832
-95.757088,-34.207851,-141.503326
135.803589,-76.374969,78.15477
3.256573,-172.154266,26.801987
161.993652,12.421745,-63.103706
138.346649,94.702179,47.536655
117.266647,-115.637901,56.944191
-158.777573,-5.464157,-71.622543
-30.146568,6.534813,171.516617
76.146225,-143.191711,-63.728252
23.948399,123.490463,120.671387
-160.663864,-34.999668,57.760647
-59.319565,-54.155396,-154.644669
-75.621521,156.733719,9.965286
142.207748,-98.096741,-23.097759
171.970749,24.720749,-13.672941
-54.986969,163.460464,-25.189999
9.831879,15.830088,173.282928
45.591625,-145.65979,84.183121
36.366257,-157.904205,-64.216347
-13.313635,-145.316574,95.318901
-11.366917,85.301575,-151.567184
-103.506706,-119.570801,-73.299942
-85.164154,-124.22525,-87.721436
-144.991989,38.907623,-88.548691
107.157532,51.634445,-127.350746
8.374405,101.404953,141.459061
39.162666,89.639534,-144.225922
102.710037,-101.496521,-97.603935
-111.764999,-129.995789,31.480194
30.433861,143.617767,93.966797
130.637299,66.821716,94.036285
-91.750298,148.11264,-5.482162
160.915817,64.790596,17.041708
-13.098701,-13.812492,-173.240036
109.160568,-119.079056,65.349197
-51.670387,165.122147,21.057604
-60.691078,-13.029736,-162.826569
-18.36488,-143.701279,96.886909
-74.119476,6.218658,-157.58725
-63.058064,135.359863,-89.865448
-143.101715,52.177013,84.736679
37.639709,5.2992,170.108932
-119.013588,-69.813721,106.484856
-64.465942,92.15358,133.118805
162.883057,62.0518,0.436462
-161.339569,-63.677658,16.781536
-46.969177,85.773468,144.286163
-38.035378,-132.903229,106.112648
-46.818985,-70.781639,152.256653
133.891022,88.763077,-67.633766
1.370781,126.972656,-119.35611
89.793739,119.653458,89.380119
166.726593,-47.933838,16.637337
22.329792,31.676517,-169.905991
-21.923096,169.575104,33.778442
-163.700043,31.842827,-50.729889
66.267197,157.531723,-34.180393
-4.938782,-157.410187,-74.690247
-126.492241,-61.087082,103.165237
5.560734,-27.484291,172.031128
51.476219,165.995773,-13.030693
-92.984589,72.96505,128.04834
118.94397,88.098938,-91.96167
-142.951599,66.923286,-73.858788
126.444077,-116.476471,28.798742
114.587273,76.756126,-106.560944
-140.699112,26.807734,99.30085
-157.990265,45.062561,-58.247341
-128.183319,96.705521,-67.821182
46.829193,-49.337006,160.435211
147.30809,-90.950851,20.204142
114.138184,-103.70369,-81.243073
-134.331833,6.955943,-110.797714
-96.95433,54.347542,134.264038
-10.907722,158.924103,-70.620354
38.885719,87.913895,-145.399307
3.537287,173.817154,12.508411
148.337921,-30.42688,-86.269379
105.046455,24.319929,-136.912979
66.265633,161.072311,-5.789886
-59.549572,-71.656364,-147.309341
157.675415,-22.857574,-70.67395
-47.560333,-167.633774,-3.09948
-117.983559,-14.730358,127.465797
-88.399612,-88.7089,121.240532
127.163101,111.635986,41.833057
-113.184433,60.432407,-117.908577
121.774017,-115.081604,-47.927746
2.747437,-172.051147,27.581062
69.448921,-109.950081,116.013977
161.311417,40.056099,52.495003
165.740097,15.061943,-51.809166
162.027969,-15.016293,-62.48307
45.21101,-18.950287,-167.234024
28.179409,-166.032318,44.790878
-86.321625,-126.278343,-83.557442
55.286274,-45.046783,159.016006
127.19751,72.441177,94.54567
70.298553,-158.15303,-20.610807
-117.918716,20.579895,126.715408
62.631939,-0.682041,-162.603943
-115.036629,71.051369,109.949387
-132.47905,86.629028,-72.883743
81.972267,-137.285904,69.4123
-154.095245,-11.417754,80.596184
132.387024,-100.969467,-51.528816
63.093536,-129.740753,-97.725845
-65.887985,155.637512,42.500446
141.349197,-24.322489,98.994667
-125.846649,-106.655762,56.315289
-131.964996,113.857468,-1.375183
-0.950469,-126.559822,119.808441
-116.362663,-29.25639,-126.436371
-155.44133,78.376709,-8.67429
-65.970222,-55.079548,151.649155
-79.235886,-139.697662,67.691612
74.152733,-142.013718,-68.654411
33.843388,115.339371,126.219185
-34.179512,-159.958969,60.215881
-163.417465,54.593887,26.235085
-51.60083,-39.154472,-161.815018
-50.3908,-122.536514,-113.25045
-127.010109,-47.069401,-109.617477
-15.062618,113.042908,131.762451
38.461372,164.606201,42.44371
133.930878,-76.286674,81.306747
159.207184,69.311493,-15.09642
163.988083,-56.045521,-18.25407
-28.60968,-169.887024,-26.431549
108.172554,-43.797829,129.46814
32.212486,-108.662445,-132.428192
-167.456589,-35.947838,-32.094799
-160.503113,67.722328,-6.018467
-88.961899,29.278254,147.008545
108.33239,124.300507,-56.508961
-90.705551,-3.685841,-148.767929
72.810837,-151.940369,44.510479
-123.442093,84.349533,-89.500664
-174.242325,2.43762,2.826012
-129.254868,-6.438164,116.753166
156.890015,60.317982,46.095631
-13.479965,140.346008,-102.39801
-119.769951,122.918427,30.352222
91.121384,-147.421234,18.188713
-42.331478,-41.248093,163.928101
126.169159,-111.9431,43.867477
-21.531181,14.042557,-172.387146
123.258324,-82.005699,91.993706
-99.589165,141.651138,19.531776
-61.772163,133.421616,93.613632
52.509762,-155.031967,-59.824158
-107.540909,-107.833374,84.790962
-78.213921,-19.401911,154.510712
-74.010124,24.2276,155.904266
-27.146984,-90.898621,-146.177887
29.944939,148.018402,87.036568
-11.953838,107.881508,-136.334106
-0.563477,-6.767735,-174.122421
80.441544,134.032883,-77.085579
35.742668,116.781723,124.309616
161.646576,65.109741,-1.917162
-63.636261,-5.60551,-162.166855
170.629044,-26.345835,23.796711
-170.02739,9.777695,37.111729
-44.731045,-126.047066,-111.740623
-33.499527,42.34948,165.681091
-160.901108,32.174274,58.749489
-111.06192,54.136887,122.929405
106.159103,109.14846,-84.811829
-83.096909,-42.536072,-147.175659
104.471382,-133.188873,41.445942
-45.185013,143.07518,88.708542
-144.752945,33.643879,91.00724
-54.451378,-132.125885,-99.744652
129.109131,110.192474,-39.482758
-43.813839,128.331406,-109.424942
91.107849,-3.226585,148.517151
48.378624,-92.649452,139.424545
-23.067661,-152.437347,-81.316193
154.360382,-18.218987,-78.792824
-138.794159,60.625488,-86.262344
113.245689,-131.498444,15.895115
168.507858,-11.162706,-43.044128
-164.09053,-57.837708,-10.501774
133.698242,34.449654,106.371902
58.566925,162.375824,-24.012417
44.019283,-25.542717,166.714005
-92.677803,-134.017197,-61.902382
-13.093006,-115.482262,129.866608
-14.435364,51.693172,165.82695
-24.275467,62.598011,160.831711
-48.152359,-55.589199,-158.000397
-161.050812,29.149212,-59.81308
-65.289261,117.625145,110.805412
-49.326897,125.752571,110.132782
-109.255859,-11.555145,-135.30777
-146.18634,-53.079487,-78.666534
63.678688,120.376068,-108.74247
-117.959496,-51.839561,117.376907
-97.382591,-132.95224,56.737263
-51.123764,-158.16243,-52.343605
43.993378,-131.205551,-105.981056
-120.478317,-72.057732,-103.315186
-77.386581,142.112457,64.689247
-105.842934,-135.265915,-29.384365
-23.991215,34.173264,-169.220596
9.259544,86.237076,-151.188538
14.357643,36.441746,169.805801
33.302353,170.613144,-12.369147
-79.051651,40.429134,149.952652
7.326447,-173.573959,-13.61764
-21.037395,4.779129,172.963593
-98.288277,126.615189,68.428574
-54.273479,-113.314087,-120.812668
-144.557495,59.23439,-77.255341
3.581711,-129.556259,116.512955
-115.652496,2.778254,130.319946
70.722519,150.102631,-53.380947
100.046829,47.31834,-134.649109
130.441116,102.126503,-54.193134
145.483917,3.623512,-95.927986
116.124641,58.641483,115.953194
-43.113739,-165.871277,-31.784439
-38.671013,10.973292,169.55188
-132.400726,113.103287,-7.830177
-149.985779,-44.871994,-76.631424
-136.132874,-3.906921,108.75029
68.387558,-111.733902,114.930939
156.092484,49.335659,-59.82486
-132.475647,-79.924232,80.210358
32.880924,166.36496,-40.217327
29.458117,-110.401077,131.590363
-72.608353,75.322571,139.347015
98.622604,126.840408,67.569267
159.554291,-31.284946,62.73172
23.088562,-23.32897,171.13269
16.161013,-132.971313,-111.504662
83.112762,-13.64225,-152.557861
-91.007988,137.562119,56.271191
-33.72123,-84.935776,148.413055
-12.3049,-66.118774,160.768555
122.331909,-98.885956,75.029144
-81.473175,153.900864,7.023361
-52.242466,94.945244,-136.463104
-46.330254,40.084549,-163.19043
-121.778625,-123.326553,18.553085
154.54425,45.526451,-66.516731
43.175705,140.391571,-93.842819
32.369633,114.297585,127.556992
10.296143,155.714096,-77.63504
-155.986633,-65.239616,42.338867
95.623222,-114.934341,89.566315
98.030838,36.302681,139.472778
109.176582,135.523438,9.411747
154.664963,-78.327805,-17.812103
-32.575722,-94.78891,142.555542
87.066261,-122.596153,-88.098518
19.499313,-102.614494,139.531113
8.205948,-157.407043,-74.370415
-82.335022,-85.963699,-127.27684
28.301081,-8.547199,-171.77771
52.660568,132.412781,-100.317566
-25.993809,132.958099,109.588524
-172.675323,-22.737625,-7.183765
-13.734509,170.926605,-31.124601
-12.411459,-31.092697,171.050949
109.643234,20.414307,133.917938
147.508499,89.098434,25.975311
17.308998,-133.908478,110.179779
108.745041,18.161327,135.013885
113.906609,-30.174534,128.426666
-126.737289,96.943718,-70.093933
127.707878,-117.241043,17.790886
75.377953,-153.398544,-33.983818
-167.368256,22.781311,-42.889095
-10.571762,-159.273941,-69.885452
90.817184,-148.591064,7.473163
-120.555244,89.522308,88.493408
12.472809,-94.109283,-146.16777
138.558578,45.496567,-95.380104
25.770321,-61.723549,-160.961685
-56.580425,162.559052,27.429749
-100.387512,-102.341377,-99.051743
74.253502,38.888409,-152.783279
-141.907288,93.99884,37.505447
30.071476,13.398453,-171.138763
170.99057,11.541405,-31.56698
45.644051,159.941483,-52.012291
-139.781128,-23.618797,-101.37471
115.59758,-105.708824,-76.412277
-64.561424,-157.723328,-36.299236
115.849823,116.108452,58.89563
80.375557,152.408768,-26.000877
-158.016357,-67.361427,-29.575792
17.55681,171.535767,-25.264685
-120.20359,-126.110817,-4.872441
-18.478653,-123.527252,121.573029
-50.294716,64.923523,153.723251
86.969635,110.688034,102.790901
-103.423813,65.841301,123.856117
-157.079117,-61.355038,-44.064064
44.016502,138.59671,-96.076927
4.6305,-44.690212,-168.382355
-71.939064,-134.041229,-85.083321
-36.207573,-85.271637,-147.651855
1.275789,-10.62397,173.971603
89.009521,-109.943604,101.768188
-128.425751,-31.563995,113.544006
-61.723541,-124.127243,105.662445
-160.264252,1.422684,68.43441
-44.825142,-14.576157,167.754822
-134.946152,-87.480675,-67.217957
31.390341,160.84285,59.332893
25.063572,26.667322,-170.423431
34.975693,-166.021896,39.770737
158.223724,-58.487476,-43.787514
-122.057846,-108.359352,61.092072
-149.742462,-85.691963,-24.609371
-110.998352,26.367855,-131.723846
143.91275,63.223503,-75.319733
24.106342,125.758949,-118.249863
169.726181,12.627151,-37.634323
-69.905144,-92.271545,-130.300171
-26.265829,67.479462,158.527191
134.422302,-110.814644,-4.759781
-24.586752,166.94455,43.557659
167.963165,29.021318,36.24823
26.390564,70.661652,-157.085785
173.794464,0.34404,-13.342182
-43.538815,156.478439,63.144299
-151.458588,29.126684,81.205864
66.066582,41.464573,155.878922
-82.57795,-130.768036,80.398026
61.32822,-116.312576,-114.367569
-46.387039,166.977707,18.298954
16.927708,-40.053448,-168.776321
75.690559,56.999538,146.279541
147.822906,-91.907547,8.088722
150.286835,86.289619,18.284851
-150.946823,-64.695282,-58.289783
61.338726,-21.851639,161.64296
-82.45295,35.822266,149.292358
-159.915909,-44.179058,53.323441
-44.939762,138.379959,-95.8974
-132.534393,35.760185,107.393501
89.684654,96.231354,-114.303726
-143.359161,-10.073582,98.617813
-92.842743,119.608368,86.263565
17.916576,-120.581757,124.513107
-144.794556,91.677879,31.838291
100.734093,-131.745148,-53.606319
-105.075882,-76.680504,115.953033
-110.085464,-68.898819,-116.210434
118.772484,26.465767,-124.743202
127.5681,-83.322639,84.575981
95.076813,2.645741,146.073639
-15.056769,-102.205826,-140.35141
71.064003,-94.899406,-127.749718
-141.124664,-60.83741,82.162064
-56.093727,132.918457,-97.793701
-155.776733,12.116375,77.227547
-9.537219,18.698114,173.009354
159.505096,47.685623,-51.594307
-35.448086,-137.536743,100.982758
-21.113731,-93.794487,-145.337723
-16.520884,-50.357418,166.021957
139.47348,94.50386,44.67355
-15.060551,-173.443542,8.238419
-131.236069,90.142937,70.86496
149.515305,55.138073,-70.572845
48.327511,84.802444,-144.369797
-121.368698,-52.171658,113.695267
-35.951485,-48.816071,163.421906
-14.459705,-91.422821,147.69519
132.450378,-91.507111,66.737831
15.443256,-28.029827,171.342712
-69.137321,127.195656,-97.037209
-10.85984,90.200989,148.733383
-131.570175,-60.963024,-96.680153
79.966385,-106.098557,112.772057
-157.434723,-26.21031,-70.012543
-28.631823,90.009544,146.442978
158.371582,68.930916,-23.059334
33.437691,51.360825,163.149307
-117.285721,-79.921738,101.156807
149.32515,58.488468,-68.270294
137.164017,23.782501,104.824409
-97.96817,117.065262,-84.05407
86.527786,150.621628,14.424797
-80.423531,72.397606,-136.639175
-26.965462,0.41563,-172.154648
20.428391,172.981171,-5.765469
-9.204177,163.358673,-60.050308
-135.669754,102.889114,-37.132973
170.851379,-31.830605,-12.89167
-151.776276,29.764807,-80.308205
105.378342,-23.263748,-136.873688
-91.946182,115.031029,93.229874
-23.619755,140.294205,100.639275
-91.847946,22.704521,146.356857
-16.116522,146.87854,92.458763
126.989319,76.228943,-91.888046
-34.30481,-74.605156,-153.751724
24.941883,-147.748413,89.044067
-51.413166,63.713799,-153.856873
-24.3671,-155.464523,74.926514
77.804886,30.12015,152.993011
161.660309,0.956104,-65.184372
-90.532181,71.195381,130.837753
-163.314255,-60.801987,-2.727982
-113.345505,-112.135788,70.411697
-138.520706,-0.652534,-105.706795
-118.424423,-69.084991,-107.650612
115.82515,-92.122078,-92.012299
80.73291,110.144623,108.294327
111.072388,127.822128,41.256596
7.486256,170.042908,-37.351597
82.225082,36.247749,-149.316971
157.267731,-67.285522,-33.220009
45.537628,-112.925911,-124.663536
-6.206718,-155.397415,78.724693
-155.279907,-64.22049,46.350662
51.826843,24.141434,164.626694
-152.501617,20.53315,81.83007
-90.90493,143.37648,39.417015
-58.507874,-20.276655,162.928406
51.139511,31.938972,163.489868
51.50885,-146.464294,79.181213
-110.977463,126.785934,44.4594
-12.108606,-162.324356,62.212223
67.048393,159.404343,21.615089
-85.051094,150.630798,21.416885
-30.608978,-159.342285,63.643406
-133.007126,-112.560478,-2.297798
57.906776,-146.274628,74.994293
164.764771,45.145897,-34.481651
-45.723389,-58.246025,-157.791626
-57.128254,-33.104031,161.30751
173.178558,-16.53447,-10.296822
155.14447,-62.343925,49.11058
-91.460968,60.942345,-135.252167
-156.761917,48.547596,58.737885
-80.450104,99.811241,118.037697
-95.516953,-4.395332,145.680908
-33.855789,37.282051,166.823303
-164.406479,57.807083,3.619892
22.807089,-124.216469,120.121651
-149.551849,81.079811,37.724403
19.495907,158.019058,-70.851288
-12.314408,-160.462891,-66.888565
52.931889,112.529411,-122.115143
44.398376,-51.08939,-160.624634
90.736984,-146.18985,-27.724953
-17.696091,-65.359283,-160.584213
101.075935,-42.156891,-135.605133
62.630821,-157.991806,38.715855
133.381912,-17.047239,110.873932
-32.670078,119.246841,-122.821098
-125.617661,-120.416161,-10.05407
-99.277878,113.961815,-86.792664
-74.269783,53.123062,-148.439972
77.943192,-16.233253,155.050079
116.804443,-4.985129,-129.271118
87.085236,92.705093,-119.17466
12.954117,34.450943,-170.334656
-166.823105,-9.198261,49.689423
121.927666,122.530632,21.974655
23.931925,-146.724945,-90.956055
93.666306,-139.912842,-45.004555
-158.366974,70.178581,-19.410759
22.387053,136.728394,-105.698112
-124.464577,-25.431747,-119.333336
-96.890839,-73.083519,125.036407
44.054379,47.093075,161.901978
94.30246,141.94371,-36.410168
68.797653,45.315712,-153.583099
-169.571274,25.559978,31.028759
5.587448,-73.711037,157.83934
140.91835,98.225464,-29.336678
-67.749313,146.118668,-66.531174
16.426929,15.498421,-172.83371
127.352348,39.898735,-112.046112
172.76062,-22.565868,3.135231
121.052666,-45.640305,-116.803986
-14.637428,75.780823,156.260529
122.53318,-4.950493,-123.831169
-160.981842,-56.126411,-36.266537
11.017906,107.553085,-136.728806
-60.371147,120.864853,110.133255
-20.099472,-110.99366,132.864624
71.261612,-40.161278,-153.922501
-91.784431,-122.328461,83.624771
-27.211536,-172.098053,-4.448072
40.003151,166.259888,-33.638538
-13.316792,-8.071976,173.594269
102.072601,139.250916,23.585678
-169.564102,40.129189,-0.544762
-107.697227,134.70195,-24.94997
-129.440887,-89.356659,75.093613
134.678986,107.825455,-24.625114
124.064583,-78.225082,94.161003
58.427269,-91.502228,136.300766
162.210846,30.163452,-56.127945
-153.488052,-71.241463,41.795033
-118.478432,74.51049,103.888657
94.9431,-121.089249,-81.783424
-105.052322,35.159496,134.499664
-4.457456,110.620392,134.601883
72.385475,153.517471,-39.440613
-134.098816,-109.012199,22.499527
-159.372345,-59.583515,37.850563
128.815125,41.462807,109.838104
35.416698,-168.501175,26.879141
-88.083252,59.512466,-138.066223
-19.92972,-30.128956,-170.511078
82.745689,120.746452,94.547668
-20.085274,159.011536,-68.428673
-106.567108,131.513916,-41.555283
-134.296051,42.597679,102.595184
23.325462,112.414169,131.082153
-50.083584,-155.696014,60.18927
161.899292,-16.204613,62.502548
42.480385,-15.011955,-168.358063
170.176956,-6.258476,-36.969185
-81.460678,41.986137,148.267044
59.227802,106.166153,124.881149
44.661476,128.445511,-108.989395
-136.755585,-106.4095,-18.585266
-109.932541,-63.200478,-119.532478
-34.355919,-7.671459,170.711502
-166.515259,-51.303509,-4.525343
28.090397,19.928154,-170.860855
116.361038,111.186005,-66.83522
113.991577,117.550362,59.736553
163.316589,-53.390171,-28.986313
0.292625,66.160461,161.256607
-168.124771,-30.645182,-34.232422
-134.933807,-10.933968,109.791283
128.366379,87.685402,-78.721855
18.059475,61.861946,-161.943008
-15.74855,122.137245,123.33638
-92.191483,-147.302032,13.157852
-103.306725,51.024193,130.792389
-20.111305,-153.34758,-80.309769
4.457036,-143.77269,-98.37471
-113.415649,113.245804,68.51516
-32.421394,-156.397171,69.789597
-97.943008,-109.264969,-93.974686
-104.48027,24.555984,137.302551
169.269836,-39.082458,14.24588
-11.978155,-82.409058,153.12587
114.887787,-118.422043,-56.126724
86.683395,-108.892578,-104.921181
-157.161652,67.778839,32.775055
150.714142,11.679635,-86.709488
-18.514587,168.071152,-42.259518
-58.030579,-101.961937,-128.904587
-12.606891,19.307934,-172.763351
-63.082909,-155.817261,46.066956
18.290838,165.970016,49.977249
-56.506485,142.046829,83.677589
-90.177994,-115.28524,-94.580132
97.079453,135.428345,50.975574
-171.242096,-25.273668,-20.31604
119.22731,-69.186165,-106.637321
-1.593254,102.681267,140.846085
120.714928,108.806992,-62.948452
-143.607712,-15.291645,-97.61129
81.942429,-117.250122,99.541656
-95.381035,103.932693,102.383278
-74.039322,157.51442,-9.345268
-57.916618,-44.042046,-158.348984
-130.313766,115.76458,0.262894
-69.180183,119.73188,106.07756
24.047104,66.821625,159.182892
140.634644,-78.783997,66.195854
164.842773,32.750023,-46.07209
-97.941299,118.929474,-81.44957
21.800411,-16.663647,-172.108658
166.248444,38.017166,35.781227
-125.478966,100.03894,67.893845
-159.038956,3.444611,71.231735
63.303101,2.55407,-162.388123
88.003937,116.568077,95.126724
87.237587,-59.555668,-138.602341
-32.054672,130.83725,110.597908
134.497391,-57.621284,94.625687
108.574829,-115.14399,72.93354
-40.267666,-132.725052,-105.548233
-169.956726,37.581928,8.580414
-109.018532,-126.800438,-49.182278
-2.884494,-133.963058,-111.451843
98.835175,-121.224564,-76.866211
-51.179741,153.553726,64.68618
-75.327019,-54.945652,147.225327
-155.344131,-25.00745,74.937675
-50.291412,-47.875381,-159.87114
-10.696266,-164.226044,57.416206
80.01889,105.069962,-113.757935
100.491867,-85.048088,114.176071
34.321095,-57.554825,-160.872574
147.71167,84.561745,37.583908
15.464333,-57.319496,-163.869263
47.765205,-157.760956,56.644878
81.503868,-30.132603,-151.062607
-171.839142,-26.557846,11.887352
-28.061363,76.096527,154.275635
-46.089859,-29.752266,165.399872
-171.594528,11.40168,28.364647
-18.585152,171.969955,-21.110756
-90.46698,-54.902542,-138.466827
151.419342,50.3186,-70.062439
77.184425,-131.531876,84.33522
18.193214,168.995163,38.546928
81.24176,-59.7187,-142.18576
137.193726,-88.683983,60.705162
73.576523,143.648865,-65.747948
-131.397858,-84.023499,77.784874
-19.079264,150.284821,-86.187469
-101.626343,75.396606,-119.823814
-69.163681,159.971832,-3.026377
59.78685,-159.632324,36.235161
-156.661163,-34.507908,-68.140015
-155.188705,-66.758102,42.833961
110.447372,-128.160675,-41.703083
-55.181114,-45.813416,158.807571
-168.785538,0.110149,-43.462364
105.759186,-127.533928,54.071499
18.392658,107.936264,-135.593658
4.913017,134.972305,110.148888
42.115147,147.998795,81.839287
-57.869549,162.832169,22.734648
-124.310501,120.445862,-20.564327
-69.535896,-8.79155,-159.537048
-165.634399,-53.512577,8.956532
-111.491943,-27.484779,131.065292
28.626259,-163.072861,54.337849
-112.296066,64.572891,-116.559067
142.967972,-11.326775,98.970306
66.210808,-158.324738,30.460236
-158.717697,-61.71402,-37.031288
-99.70166,-81.938095,117.139984
-18.384193,-144.901062,-95.022957
49.036644,128.509537,-106.991905
170.391144,-36.01033,-6.41755
-68.699379,-89.407753,-132.92775
-47.103928,-167.380402,-11.489578
-26.568562,-126.821938,-116.574234
-68.398773,-106.380714,-119.940247
17.759531,-0.108047,173.358749
145.226913,95.540428,-12.728964
-132.242523,-72.004883,-87.80069
100.180733,11.910423,-142.081451
-66.928802,156.173569,-38.791687
112.244904,-132.676025,12.803299
-105.904236,138.381104,-2.599764
81.556137,-54.745014,143.972504
80.262276,-101.028763,-117.134171
99.296066,-9.684372,-142.866409
-152.053391,-75.985825,38.423473
-75.186897,-94.988388,-125.31131
